year,commune,geography_level,proxy_purchasing_power_median_chf,proxy_index_canton_100,proxy_rank_within_year,all_persons_assujetties,all_q1_chf,all_median_chf,all_q3_chf,all_q3_q1_ratio,proxy_spread_iqr_chf,single_persons_assujetties,single_q1_chf,single_median_chf,single_q3_chf,single_q3_q1_ratio,married_persons_assujetties,married_q1_chf,married_median_chf,married_q3_chf,married_q3_q1_ratio,canton_median_chf
2014,Canton,canton,59185.0,100.0,,310208,35313.0,59185.0,93656.0,2.652167757,58343.0,160040,26471.0,52023.5,86761.0,3.277586793,150168,42502.75,65122.25,101933.5,2.398280111,59185.0
2014,Vandoeuvres,commune,93289.5,157.62355326518545,1.0,1769,42609.0,93289.5,205378.5,4.820073224,162769.5,761,3701.0,45293.0,105307.0,28.45366117,1008,72274.5,142530.5,297130.0,4.111131865,59185.0
2014,Avusy,commune,87582.25,147.98048492016557,2.0,1044,45067.75,87582.25,131921.0,2.92717076,86853.25,424,15400.5,55726.0,107635.5,6.989091263,620,69458.0,101090.5,142510.5,2.051750698,59185.0
2014,Cologny,commune,87015.0,147.02204950578695,3.0,3452,44344.0,87015.0,169797.0,3.829086235,125453.0,1552,11341.0,61770.5,111505.5,9.832069482,1900,64199.0,111992.25,221123.0,3.444337139,59185.0
2014,Choulex,commune,86205.0,145.6534594914252,4.0,767,47491.0,86205.0,142453.5,2.999589396,94962.5,383,16009.0,59801.0,117748.0,7.355112749,384,68241.5,104701.25,168103.25,2.463358074,59185.0
2014,Anières,commune,85298.5,144.12182140745122,5.0,1588,35403.0,85298.5,158422.5,4.474832641,123019.5,710,11375.0,47381.5,100302.0,8.817758242,878,67480.0,118984.5,200251.0,2.967560759,59185.0
2014,Aire-la-Ville,commune,84870.5,143.39866520233167,6.0,808,48260.75,84870.5,116920.75,2.422688209,68660.0,308,17498.0,62734.0,104563.0,5.97571151,500,66868.0,94029.0,120827.5,1.806955494,59185.0
2014,Gy,commune,84597.5,142.93739967897272,7.0,339,43927.0,84597.5,132553.0,3.017574612,88626.0,157,7624.0,54049.0,101041.0,13.25301679,182,65019.5,101868.0,145814.5,2.242627212,59185.0
2014,Cartigny,commune,84472.5,142.72619751626257,8.0,616,45202.75,84472.5,134045.5,2.965427988,88842.75,272,17831.0,57826.5,110036.5,6.171078459,344,62651.0,104016.5,151248.25,2.414139439,59185.0
2014,Collonge-Bellerive,commune,84394.0,142.5935625580806,9.0,5375,39660.0,84394.0,153224.5,3.863451841,113564.5,2289,8999.0,47864.0,103200.0,11.46794088,3086,65852.0,107019.5,189587.5,2.878993804,59185.0
2014,Soral,commune,83748.0,141.50206978119456,10.0,530,51105.0,83748.0,120225.0,2.352509539,69120.0,256,31461.5,76304.5,106486.5,3.384660617,274,61435.5,91170.5,132955.5,2.164147765,59185.0
2014,Veyrier,commune,82947.0,140.14868632254795,11.0,7638,41939.0,82947.0,139839.5,3.334354658,97900.5,3360,11480.0,51815.5,96998.0,8.449303136,4278,65301.0,108308.0,177539.0,2.718779192,59185.0
2014,Hermance,commune,82102.5,138.7218045112782,12.0,644,38114.5,82102.5,142213.75,3.731224337,104099.25,312,13796.5,56652.5,108006.5,7.828543471,332,59716.5,105744.0,184076.0,3.082498137,59185.0
2014,Troinex,commune,81017.5,136.88856973895415,13.0,1664,40853.5,81017.5,128510.5,3.145642356,87657.0,774,12095.0,54410.0,95679.0,7.910624225,890,64983.0,100660.5,149528.5,2.301040272,59185.0
2014,Corsier,commune,80619.0,136.21525724423418,14.0,1409,40414.0,80619.0,146002.5,3.612671352,105588.5,601,6523.0,45194.0,94152.0,14.43384946,808,67132.5,109167.0,185621.0,2.7649946,59185.0
2014,Collex-Bossy,commune,80322.0,135.71344090563485,15.0,1027,44410.0,80322.0,125288.0,2.821166404,80878.0,447,14677.0,58666.0,102828.0,7.00606391,580,64422.5,93675.75,135847.0,2.108688735,59185.0
2014,Laconnex,commune,79627.5,134.5400016896173,16.0,484,46060.5,79627.5,120758.5,2.621736629,74698.0,214,16370.0,61592.5,110123.0,6.727122786,270,64665.0,91337.5,130589.0,2.019469574,59185.0
2014,Genthod,commune,79530.0,134.37526400270337,17.0,1640,42604.5,79530.0,126276.5,2.963923999,83672.0,678,9357.0,50553.0,93862.0,10.03120658,962,63946.0,97412.5,144169.0,2.254542896,59185.0
2014,Jussy,commune,78445.5,132.54287403903015,18.0,891,42675.5,78445.5,123753.5,2.899872292,81078.0,391,19030.0,59629.0,101869.0,5.353074094,500,58447.0,89782.75,139214.0,2.381884442,59185.0
2014,Satigny,commune,77833.0,131.50798344175044,19.0,2623,46642.0,77833.0,111997.0,2.401204923,65355.0,1125,26781.0,62803.0,103262.0,3.855793286,1498,56847.0,83764.5,116131.5,2.042878252,59185.0
2014,Presinge,commune,77259.0,130.53814311058545,20.0,453,42975.0,77259.0,106286.5,2.473216987,63311.5,227,20196.0,62788.0,94319.0,4.670182214,226,56193.5,82451.5,126404.5,2.249450559,59185.0
2014,Pregny-Chambésy,commune,76780.0,129.72881642308016,21.0,1842,38619.5,76780.0,136357.5,3.530794029,97738.0,826,9236.0,53616.5,96064.0,10.40103941,1016,58905.0,94357.25,170432.0,2.893336729,59185.0
2014,Chancy,commune,76095.5,128.57227338007942,22.0,958,41599.0,76095.5,104849.0,2.520469242,63250.0,400,19676.5,57651.0,96732.0,4.916118212,558,53312.5,82877.0,109141.5,2.047202814,59185.0
2014,Russin,commune,74515.5,125.90267804342317,23.0,364,39710.0,74515.5,115932.5,2.919478721,76222.5,172,19689.5,65337.5,107376.5,5.453490439,192,52516.5,83789.25,120785.75,2.299958108,59185.0
2014,Plan-les-Ouates,commune,73372.0,123.97060065895076,24.0,6947,41165.5,73372.0,111913.0,2.718611459,70747.5,3223,16829.0,57465.0,98276.0,5.839681502,3724,56536.5,83672.25,121990.5,2.157729962,59185.0
2014,Confignon,commune,72915.0,123.19844555208246,25.0,3149,42288.0,72915.0,114757.0,2.713701286,72469.0,1343,12233.0,52729.0,94460.0,7.721736287,1806,58923.0,83704.5,130723.5,2.218547935,59185.0
2014,Céligny,commune,72897.0,123.1680324406522,26.0,429,37647.0,72897.0,128627.0,3.416660026,90980.0,171,11976.0,47101.0,88619.0,7.399716099,258,54266.5,91729.5,170683.5,3.145283001,59185.0
2014,Puplinge,commune,72554.5,122.58933851482638,27.0,1515,41555.0,72554.5,107357.0,2.583491758,65802.0,737,20875.0,56767.0,95489.0,4.574323353,778,55651.5,85197.5,118946.5,2.137345804,59185.0
2014,Bardonnex,commune,71437.0,120.70119118019768,28.0,1586,39677.0,71437.0,107893.5,2.719295814,68216.5,732,22318.5,56122.5,100038.5,4.482312879,854,51567.5,81469.5,119868.5,2.324497018,59185.0
2014,Meinier,commune,71289.5,120.45197262819971,29.0,1471,39918.0,71289.5,107133.0,2.683826845,67215.0,685,25232.0,57278.0,91608.0,3.630627774,786,54146.0,80430.0,118645.5,2.191214494,59185.0
2014,Chêne-Bougeries,commune,71019.0,119.99493114809496,30.0,7617,38299.0,71019.0,123499.5,3.22461422,85200.5,3715,23408.0,52682.0,93447.0,3.992096719,3902,52549.0,88591.0,172975.0,3.291689661,59185.0
2014,Bellevue,commune,70029.0,118.3222100194306,31.0,1805,39576.0,70029.0,106553.0,2.692364059,66977.0,787,14174.0,52325.0,94115.0,6.639974601,1018,53612.5,79077.5,113531.5,2.117631149,59185.0
2014,Bernex,commune,69596.5,117.59145053645351,32.0,7130,41079.0,69596.5,104616.5,2.546714866,63537.5,3314,21511.0,60330.5,94549.0,4.395379108,3816,51357.25,76896.5,112602.0,2.192523938,59185.0
2014,Dardagny,commune,66654.5,112.6205964349075,33.0,1029,39695.5,66654.5,95578.5,2.407791815,55883.0,487,21771.0,52836.0,86308.0,3.964356254,542,53008.0,74248.0,99201.0,1.8714345,59185.0
2014,Perly-Certoux,commune,66618.0,112.55892540339613,34.0,2177,41855.5,66618.0,99337.5,2.373344005,57482.0,1049,30194.0,62978.0,96016.0,3.17996953,1128,48203.75,70959.0,102334.75,2.122962425,59185.0
2014,Avully,commune,61876.5,104.54760496747485,35.0,1265,38618.0,61876.5,91127.5,2.359715677,52509.5,635,25573.0,54975.0,86607.0,3.386657803,630,47767.0,67591.5,94062.5,1.969194214,59185.0
2014,Grand-Saconnex,commune,61371.0,103.69350342147503,36.0,6567,35889.0,61371.0,94038.0,2.620245758,58149.0,3109,19966.0,53872.0,89688.0,4.492036462,3458,44314.0,65493.0,99183.0,2.238186578,59185.0
2014,Carouge,commune,58177.0,98.29686575990539,37.0,14294,35901.0,58177.0,90032.0,2.507785298,54131.0,7810,29036.0,53887.5,87657.0,3.018907563,6484,42367.0,61996.5,93675.5,2.211048694,59185.0
2014,Thônex,commune,58080.0,98.13297288164232,38.0,9839,34763.0,58080.0,94376.5,2.714854874,59613.5,4835,19674.0,46620.0,79724.0,4.052251703,5004,44419.5,67592.25,109140.0,2.457029008,59185.0
2014,Lancy,commune,58036.75,98.05989693334459,39.0,21016,36828.0,58036.75,84872.0,2.304550885,48044.0,10310,28861.0,54629.5,84501.0,2.927861127,10706,42064.5,60443.0,85050.0,2.021894947,59185.0
2014,Versoix,commune,57487.5,97.13187463039623,40.0,7833,33583.0,57487.5,89399.5,2.662046273,55816.5,3843,19190.0,48953.0,83933.0,4.373788431,3990,42002.5,62623.5,95600.0,2.276054997,59185.0
2014,Chêne-Bourg,commune,55428.5,93.65295260623469,41.0,5643,34432.0,55428.5,86772.0,2.520097584,52340.0,2947,25447.0,48896.0,81587.0,3.206153967,2696,40830.5,61190.75,94481.75,2.313999339,59185.0
2014,Genève,commune,55350.0,93.52031764805272,42.0,121451,33985.0,55350.0,88457.0,2.602824776,54472.0,69679,29944.0,52570.0,86860.0,2.900748063,51772,38021.0,58307.75,90976.0,2.392782936,59185.0
2014,Meyrin,commune,54165.0,91.51812114556053,43.0,13944,34511.75,54165.0,79406.5,2.300854057,44894.75,6716,26989.5,51216.5,80461.0,2.981196391,7228,38550.5,55847.75,78427.5,2.034409411,59185.0
2014,Onex,commune,53442.0,90.29652783644504,44.0,12914,34871.0,53442.0,80462.0,2.307418772,45591.0,6348,28333.5,48573.0,78103.5,2.756577902,6566,39239.5,57100.5,83068.5,2.116961225,59185.0
2014,Vernier,commune,49619.0,83.83712089211794,45.0,22662,31443.0,49619.0,74087.0,2.356231912,42644.0,10926,23814.0,44828.0,73194.0,3.073570169,11736,36374.25,52683.75,74766.25,2.055471934,59185.0
2015,Canton,canton,58925.25,100.0,,314744,34824.25,58925.25,93832.0,2.694444245,59007.75,163610,25497.0,51846.0,86803.0,3.404439738,151134,42350.0,65025.5,102615.5,2.423034238,58925.25
2015,Vandoeuvres,commune,94145.5,159.77106588431954,1.0,1748,39755.5,94145.5,195198.0,4.909962144,155442.5,774,4191.0,43831.5,104335.0,24.89501312,974,75761.5,145060.5,283509.5,3.742131558,58925.25
2015,Anières,commune,87910.0,149.1890148959911,2.0,1627,36193.0,87910.0,158766.0,4.386649352,122573.0,721,12000.0,48706.0,101115.0,8.42625,906,64787.0,117325.5,207098.5,3.196605801,58925.25
2015,Avusy,commune,87174.0,147.93997479857956,3.0,1038,45795.0,87174.0,132264.0,2.888175565,86469.0,432,14694.5,56414.5,105821.0,7.201401885,606,69526.5,100427.5,142840.5,2.054475632,58925.25
2015,Cartigny,commune,86821.0,147.34091073011996,4.0,607,43219.5,86821.0,136011.0,3.146982265,92791.5,263,15871.0,59272.0,114118.0,7.190347174,344,61908.0,97392.0,150280.5,2.427481101,58925.25
2015,Cologny,commune,86423.0,146.66547872092184,5.0,3689,43692.0,86423.0,165640.5,3.79109448,121948.5,1687,13513.0,61127.0,112207.0,8.303633538,2002,64189.0,109622.5,222849.0,3.471763075,58925.25
2015,Gy,commune,85025.0,144.2929813619798,6.0,353,42711.0,85025.0,128537.0,3.009458922,85826.0,171,6828.0,51196.0,101764.0,14.90392501,182,73393.0,102920.5,147143.5,2.004871037,58925.25
2015,Choulex,commune,84435.0,143.29171280563088,7.0,786,45143.0,84435.0,138543.0,3.068980794,93400.0,406,15000.0,64123.0,109087.0,7.272466667,380,71907.5,102462.5,161635.0,2.247818378,58925.25
2015,Soral,commune,84375.0,143.18988888464622,8.0,556,51285.75,84375.0,119562.5,2.331300605,68276.75,268,29091.0,74217.5,108737.5,3.737839882,288,61316.75,92072.25,130216.0,2.123661153,58925.25
2015,Aire-la-Ville,commune,84354.5,143.15509904497648,9.0,814,48111.0,84354.5,117662.0,2.445636133,69551.0,308,17991.0,59050.5,104373.5,5.801428492,506,66978.0,93547.5,121221.5,1.809870405,58925.25
2015,Collonge-Bellerive,commune,84167.5,142.83774782457434,10.0,5508,39916.0,84167.5,157146.75,3.936936316,117230.75,2368,7974.5,49610.0,106393.5,13.34171421,3140,64548.5,108002.5,198405.5,3.073742999,58925.25
2015,Veyrier,commune,83700.5,142.04521830624392,11.0,7836,41681.25,83700.5,139852.0,3.355273654,98170.75,3520,10511.5,52668.5,97707.0,9.295248062,4316,65697.0,109342.0,177210.0,2.697383442,58925.25
2015,Hermance,commune,82692.0,140.33372790102715,12.0,675,38712.0,82692.0,139463.0,3.602578012,100751.0,325,12690.0,54211.0,105869.0,8.342710796,350,64574.0,108532.0,192745.0,2.984870072,58925.25
2015,Laconnex,commune,82353.0,139.75842274746395,13.0,494,52000.0,82353.0,126266.5,2.428201923,74266.5,214,24840.0,66775.0,110938.0,4.46610306,280,67008.0,94838.5,130736.5,1.951058083,58925.25
2015,Troinex,commune,81245.5,137.87892287262252,14.0,1669,39895.0,81245.5,128483.5,3.220541421,88588.5,775,11619.0,50041.0,94425.0,8.12677511,894,66395.0,101050.5,150403.0,2.265276,58925.25
2015,Collex-Bossy,commune,79494.75,134.9077857115583,15.0,1034,45559.0,79494.75,124659.0,2.736210189,79100.0,452,15501.5,61561.5,106361.5,6.861368255,582,64542.0,91029.5,135351.5,2.09710731,58925.25
2015,Genthod,commune,78821.5,133.76523646484318,16.0,1674,40463.0,78821.5,131289.0,3.244667968,90826.0,726,10113.0,48353.5,95188.0,9.412439434,948,62540.5,98476.5,145188.5,2.32151166,58925.25
2015,Jussy,commune,78648.5,133.47164415933744,17.0,911,41926.5,78648.5,124648.0,2.973012295,82721.5,403,18000.0,53981.0,102312.0,5.684,508,60967.5,90351.5,139495.0,2.288022307,58925.25
2015,Corsier,commune,78240.0,132.77839296396706,18.0,1438,41225.0,78240.0,143460.0,3.479927229,102235.0,614,4846.0,46014.0,92655.0,19.1198927,824,65525.75,106362.25,186901.0,2.852329046,58925.25
2015,Satigny,commune,77730.5,131.91373816827252,19.0,2677,45007.0,77730.5,108615.0,2.413291266,63608.0,1173,25272.0,60975.0,100016.0,3.957581513,1504,57165.0,84042.5,113482.75,1.985178868,58925.25
2015,Pregny-Chambésy,commune,77160.0,130.9455623862436,20.0,1811,40392.0,77160.0,132193.5,3.272764409,91801.5,809,9604.0,52929.0,95858.0,9.981049563,1002,61358.5,92656.0,159484.5,2.599224231,58925.25
2015,Puplinge,commune,74916.0,127.13734774141815,21.0,1561,43957.0,74916.0,110453.0,2.512751098,66496.0,765,23394.0,60802.0,98126.0,4.194494315,796,55531.5,85700.5,123292.5,2.220226358,58925.25
2015,Presinge,commune,74768.5,126.88703060233092,22.0,484,43004.25,74768.5,110391.0,2.566978845,67386.75,244,20413.0,55725.5,93078.5,4.559765835,240,57093.5,91166.25,130548.5,2.286573778,58925.25
2015,Chancy,commune,73888.0,125.39276456188138,23.0,1027,40073.5,73888.0,105451.0,2.631439729,65377.5,473,21603.0,60189.0,97238.0,4.501134102,554,54926.5,83029.5,108380.0,1.973182344,58925.25
2015,Céligny,commune,73556.0,124.82933886576637,24.0,445,37479.0,73556.0,134549.5,3.589997065,97070.5,181,7392.0,48971.0,90553.0,12.25013528,264,53056.0,91534.25,170712.75,3.217595559,58925.25
2015,Confignon,commune,73361.0,124.4984111225663,25.0,3192,41971.25,73361.0,115842.5,2.760044078,73871.25,1408,12213.0,53730.0,96177.5,7.875010235,1784,57926.25,84023.0,130597.75,2.254552124,58925.25
2015,Plan-les-Ouates,commune,72941.25,123.78606794201129,26.0,7032,40525.5,72941.25,112319.75,2.77158209,71794.25,3262,15301.0,55484.0,97045.0,6.342395922,3770,55156.5,83935.5,124300.0,2.253587519,58925.25
2015,Bardonnex,commune,72235.0,122.5875155387546,27.0,1629,38703.5,72235.0,109761.0,2.83594507,71057.5,759,20521.0,58660.0,101984.0,4.969738317,870,51593.5,80986.5,115173.5,2.232325777,58925.25
2015,Meinier,commune,72194.75,122.51920865842743,28.0,1480,40338.0,72194.75,110667.75,2.743511081,70329.75,696,27325.5,56553.0,96552.0,3.533402865,784,53944.5,80822.5,124694.0,2.311523881,58925.25
2015,Chêne-Bougeries,commune,72188.5,122.50860199999151,29.0,7704,38822.75,72188.5,125563.25,3.234269855,86740.5,3734,24081.0,52673.0,93607.0,3.88717246,3970,52924.5,89093.5,179329.5,3.388402347,58925.25
2015,Russin,commune,71732.5,121.73474020050827,30.0,392,39058.0,71732.5,116898.75,2.992952788,77840.75,190,23589.0,66712.5,113888.0,4.828013057,202,51315.0,81534.5,117211.0,2.284146936,58925.25
2015,Bernex,commune,69970.0,118.74366252158455,31.0,7228,40904.5,69970.0,103833.0,2.538424868,62928.5,3380,20810.5,59531.5,94591.0,4.545349703,3848,51696.25,77191.25,112229.25,2.170935996,58925.25
2015,Bellevue,commune,67501.0,114.55360817306672,32.0,1844,39105.5,67501.0,106306.0,2.71844114,67200.5,840,13427.0,51502.5,89520.0,6.667163179,1004,52252.5,78601.0,113382.0,2.169886608,58925.25
2015,Dardagny,commune,66688.0,113.17389404372489,33.0,1053,38578.0,66688.0,95474.0,2.474830214,56896.0,497,21329.0,50041.0,88888.0,4.167471518,556,53369.5,74238.75,99092.0,1.856715915,58925.25
2015,Perly-Certoux,commune,66223.0,112.38475865609394,34.0,2170,40489.5,66223.0,97714.5,2.413329382,57225.0,1046,29760.0,63459.5,92906.0,3.121841398,1124,46506.5,69612.75,101385.0,2.180017847,58925.25
2015,Avully,commune,60748.0,103.0933258662458,35.0,1264,38794.25,60748.0,88823.5,2.289604774,50029.25,632,24414.0,54096.5,85724.5,3.511284509,632,47215.75,67823.75,92871.25,1.966954883,58925.25
2015,Grand-Saconnex,commune,59761.5,101.4191708987234,36.0,6710,33817.0,59761.5,93739.5,2.771963805,59922.5,3252,19967.0,52520.5,88420.5,4.428331747,3458,42714.0,64348.0,99114.0,2.32041017,58925.25
2015,Lancy,commune,57846.0,98.16844222128883,37.0,21359,36518.0,57846.0,85738.5,2.34784216,49220.5,10579,28261.0,54564.0,85442.0,3.023318354,10780,42037.0,60306.25,85914.0,2.043770964,58925.25
2015,Carouge,commune,57722.5,97.95885465059546,38.0,14544,35074.0,57722.5,89612.5,2.554955237,54538.5,8064,28687.0,53583.0,87408.5,3.046972496,6480,41098.5,61323.0,92844.75,2.259078798,58925.25
2015,Thônex,commune,57564.0,97.68986979266104,39.0,9825,34122.0,57564.0,94083.5,2.757268038,59961.5,4869,19978.0,46470.0,80754.0,4.042146361,4956,44497.0,67131.0,110926.0,2.492887161,58925.25
2015,Versoix,commune,57550.5,97.6669594104395,40.0,7859,33395.0,57550.5,88889.0,2.66174577,55494.0,3861,20220.0,49104.0,83542.0,4.13165183,3998,42482.5,62024.5,94873.0,2.233225446,58925.25
2015,Genève,commune,55240.5,93.74673845253096,41.0,123297,33437.0,55240.5,88659.0,2.651523761,55222.0,71033,28938.0,52499.0,86671.0,2.995058401,52264,37902.5,58450.0,91808.25,2.422221489,58925.25
2015,Chêne-Bourg,commune,54176.0,91.94021238772852,42.0,5840,33600.5,54176.0,86778.25,2.58264758,53177.75,3036,24364.5,48349.0,81576.0,3.348149972,2804,39160.0,58681.25,91435.0,2.334908069,58925.25
2015,Onex,commune,53759.5,91.23338466956015,43.0,13048,34848.0,53759.5,81465.5,2.337738177,46617.5,6496,27966.0,48894.0,78371.5,2.802385039,6552,39837.75,57261.75,83681.75,2.100564163,58925.25
2015,Meyrin,commune,53435.5,90.68353549624312,44.0,14113,33696.0,53435.5,79037.0,2.345589981,45341.0,6833,24979.0,49704.0,80038.0,3.204211538,7280,38385.0,55706.25,78355.0,2.041292171,58925.25
2015,Vernier,commune,49190.0,83.47864455390516,45.0,22699,30362.0,49190.0,73494.0,2.420591529,43132.0,11071,22265.0,44215.0,72328.0,3.248506625,11628,35925.0,52307.75,74425.0,2.071677105,58925.25
2016,Canton,canton,58972.0,100.0,,318777,34763.5,58972.0,94094.5,2.70670387,59331.0,166965,25260.0,52000.0,87056.0,3.446397466,151812,42415.0,65193.5,102975.0,2.42779677,58972.0
2016,Vandoeuvres,commune,97725.75,165.7155090551448,1.0,1736,41766.75,97725.75,207719.0,4.973310109,165952.25,778,2850.0,43800.0,108342.0,38.01473684,958,77820.0,153775.5,285935.0,3.674312516,58972.0
2016,Cartigny,commune,87215.5,147.8930678966289,2.0,621,45012.5,87215.5,133907.0,2.974884754,88894.5,285,19378.0,67164.0,111132.0,5.734957168,336,63780.75,105334.25,154821.75,2.427405604,58972.0
2016,Choulex,commune,87091.0,147.68195075629112,3.0,783,47697.0,87091.0,136716.5,2.866354278,89019.5,389,18960.0,61714.0,111610.0,5.886603376,394,73035.0,102355.0,153440.0,2.100910522,58972.0
2016,Anières,commune,86793.0,147.17662619548258,4.0,1665,37308.0,86793.0,159673.5,4.27987295,122365.5,737,10291.0,48070.0,100551.0,9.770770576,928,67233.75,117671.75,198269.25,2.948954208,58972.0
2016,Aire-la-Ville,commune,86286.0,146.31689615410704,5.0,826,45403.0,86286.0,116034.5,2.555657115,70631.5,324,15655.5,55742.5,103619.0,6.618696305,502,65839.0,93954.0,120669.0,1.832789076,58972.0
2016,Avusy,commune,86255.5,146.2651766940243,6.0,1036,45639.0,86255.5,133004.5,2.914272881,87365.5,432,15302.5,60380.5,106295.5,6.946283287,604,68550.5,100972.5,146898.0,2.142916536,58972.0
2016,Collonge-Bellerive,commune,85433.0,144.87044699179273,7.0,5607,40049.0,85433.0,155859.0,3.891707658,115810.0,2421,7617.0,49399.0,105457.0,13.84495208,3186,65021.5,109597.5,199308.0,3.065263028,58972.0
2016,Gy,commune,85129.75,144.35621990096996,8.0,346,42874.0,85129.75,126907.0,2.959999067,84033.0,176,9210.5,54625.0,103976.5,11.2889094,170,74543.0,111583.5,145425.0,1.950887407,58972.0
2016,Veyrier,commune,84772.0,143.7495760699993,9.0,8016,42006.0,84772.0,141553.25,3.369834071,99547.25,3596,12061.5,54074.5,99781.5,8.272727273,4420,66501.0,109110.25,179399.5,2.697696275,58972.0
2016,Cologny,commune,84076.0,142.56935494811097,10.0,3732,42732.75,84076.0,162769.75,3.809016504,120037.0,1740,12973.0,63650.5,112187.0,8.647729901,1992,62108.5,104692.5,209955.0,3.380455171,58972.0
2016,Soral,commune,82959.0,140.67523570508038,11.0,566,52127.0,82959.0,117001.5,2.244546972,64874.5,270,28560.0,76765.0,111267.0,3.895903361,296,57113.75,90138.25,123679.75,2.165498676,58972.0
2016,Laconnex,commune,81543.0,138.27409618123855,12.0,496,48314.0,81543.0,117034.5,2.422372397,68720.5,222,21788.0,61435.0,112622.0,5.168992106,274,65695.0,90982.5,117689.0,1.791445315,58972.0
2016,Collex-Bossy,commune,80140.0,135.89500101743198,13.0,1035,46977.0,80140.0,125351.0,2.668348341,78374.0,461,18638.0,60465.0,100110.0,5.371284473,574,62402.5,93062.5,134697.0,2.15851929,58972.0
2016,Presinge,commune,79532.0,134.8640032557824,14.0,479,45804.0,79532.0,112743.5,2.461433499,66939.5,229,19818.0,67307.0,95195.0,4.8034615,250,57105.0,85930.5,127850.5,2.238866999,58972.0
2016,Corsier,commune,79472.5,134.763107915621,15.0,1448,41319.5,79472.5,142386.25,3.445981921,101066.75,622,6833.0,45098.5,89839.0,13.14781209,826,64203.5,106351.0,188313.0,2.933064397,58972.0
2016,Genthod,commune,79251.5,134.38835379502137,16.0,1693,40600.0,79251.5,130829.5,3.222401478,90229.5,727,7920.0,48512.0,96373.0,12.16830808,966,62443.0,96574.5,147283.5,2.358687123,58972.0
2016,Troinex,commune,78961.0,133.8957471342332,17.0,1670,39530.0,78961.0,124998.0,3.162104731,85468.0,800,13572.5,49491.5,93681.5,6.90230245,870,66613.5,97497.5,148295.5,2.226207901,58972.0
2016,Satigny,commune,77896.5,132.09065319134504,18.0,2697,46141.0,77896.5,109087.0,2.364209705,62946.0,1189,22348.0,60309.0,100241.0,4.485457312,1508,58361.5,85278.25,114415.5,1.960461948,58972.0
2016,Jussy,commune,77721.0,131.7930543308689,19.0,911,41227.5,77721.0,123402.5,2.993208417,82175.0,397,13883.0,53031.0,101824.0,7.334437802,514,58511.0,89433.0,140065.0,2.393823384,58972.0
2016,Hermance,commune,76600.5,129.8930000678288,20.0,693,37217.0,76600.5,140445.0,3.773678695,103228.0,343,14738.0,50603.0,98818.0,6.704980323,350,61205.0,100993.0,178326.5,2.913593661,58972.0
2016,Russin,commune,74847.5,126.92040290307264,21.0,398,39263.0,74847.5,116835.0,2.975702315,77572.0,194,25342.0,63860.5,107329.0,4.235222161,204,55704.5,83764.25,120376.5,2.160983403,58972.0
2016,Pregny-Chambésy,commune,74512.0,126.35148884216238,22.0,1920,36938.75,74512.0,131237.5,3.552840851,94298.75,864,8115.5,45599.0,93861.5,11.5657076,1056,60647.75,92541.25,163389.0,2.69406532,58972.0
2016,Bardonnex,commune,73206.0,124.13687851861901,23.0,1630,40070.0,73206.0,110047.5,2.746381333,69977.5,764,21975.5,60339.0,103284.5,4.699984073,866,52307.5,82612.5,118762.0,2.270458347,58972.0
2016,Chancy,commune,73052.0,123.87573763820119,24.0,1046,42239.5,73052.0,107311.0,2.540536701,65071.5,484,20117.0,61256.0,98425.0,4.892628125,562,56776.0,82754.5,108372.0,1.908764267,58972.0
2016,Puplinge,commune,72889.0,123.59933527775893,25.0,1731,41418.0,72889.0,106865.5,2.580170457,65447.5,865,21273.0,59828.0,96651.0,4.543364829,866,53343.0,82722.0,120313.5,2.255469321,58972.0
2016,Confignon,commune,72697.0,123.27375703723801,26.0,3261,41800.0,72697.0,115018.0,2.751626794,73218.0,1459,12573.0,55259.0,95484.0,7.594368886,1802,57304.5,83035.0,127939.5,2.23262571,58972.0
2016,Chêne-Bougeries,commune,72487.5,122.91850369666962,27.0,7880,38890.5,72487.5,125564.25,3.228661241,86673.75,3848,23941.5,54954.5,94825.5,3.960716747,4032,52160.5,90577.0,171733.75,3.292409965,58972.0
2016,Plan-les-Ouates,commune,72344.75,122.6764396662823,28.0,7256,39250.5,72344.75,112636.0,2.86967045,73385.5,3436,15598.5,54775.5,96130.5,6.162804116,3820,55875.0,83547.75,124839.5,2.234263982,58972.0
2016,Céligny,commune,72078.0,122.22410635555856,29.0,499,36380.0,72078.0,127162.5,3.495395822,90782.5,221,8776.0,50657.0,88831.0,10.12203737,278,53882.5,86273.0,156839.5,2.910768802,58972.0
2016,Meinier,commune,71886.0,121.89852811503765,30.0,1495,41199.0,71886.0,107614.5,2.612065827,66415.5,739,27540.0,57098.0,95085.0,3.452614379,756,54479.5,81971.25,121963.5,2.238704467,58972.0
2016,Bernex,commune,69239.0,117.40995726785593,31.0,7285,40811.5,69239.0,104202.0,2.553250922,63390.5,3421,21028.0,58693.0,93937.0,4.467234164,3864,51855.5,76968.75,113348.0,2.185843353,58972.0
2016,Dardagny,commune,66971.25,113.56448823170318,32.0,1234,40849.5,66971.25,94350.0,2.309697793,53500.5,624,27389.5,56758.5,86776.0,3.168221399,610,51484.0,74831.0,98291.0,1.909156243,58972.0
2016,Bellevue,commune,66791.0,113.25883470121414,33.0,1899,36622.0,66791.0,103969.0,2.838976571,67347.0,865,12575.0,50472.0,90519.0,7.19833002,1034,52427.0,78171.5,111663.5,2.129885364,58972.0
2016,Perly-Certoux,commune,65574.5,111.19599131791358,34.0,2161,41600.0,65574.5,98407.0,2.365552885,56807.0,1053,29393.0,61056.0,93170.0,3.169802334,1108,48403.0,70291.75,104743.0,2.163977439,58972.0
2016,Avully,commune,60381.0,102.38926948382283,35.0,1257,38305.0,60381.0,89262.0,2.330296306,50957.0,643,25315.0,54143.0,86084.0,3.40051353,614,47681.0,68539.5,92892.5,1.948207882,58972.0
2016,Grand-Saconnex,commune,59423.25,100.76519365122432,36.0,6736,34266.0,59423.25,94247.0,2.750452343,59981.0,3244,19490.0,52178.0,88735.5,4.552873268,3492,41869.5,64393.0,98592.5,2.354757043,58972.0
2016,Lancy,commune,58348.0,98.94187071830699,37.0,21469,36789.5,58348.0,85755.0,2.330963998,48965.5,10725,28056.0,55032.0,85430.0,3.044981466,10744,42401.5,60648.75,86037.0,2.029102744,58972.0
2016,Thônex,commune,57824.0,98.0533134368853,38.0,9921,34095.5,57824.0,94143.5,2.761170829,60048.0,4967,20232.0,47104.0,79241.0,3.91661724,4954,45008.0,67540.0,110215.5,2.448797991,58972.0
2016,Versoix,commune,57644.5,97.74893169639829,39.0,7877,33311.5,57644.5,90219.0,2.708343965,56907.5,3923,18804.0,49849.0,84329.0,4.48463093,3954,41749.0,62893.0,95690.5,2.292042923,58972.0
2016,Carouge,commune,57433.5,97.39113477582582,40.0,14871,34672.0,57433.5,89441.5,2.579646401,54769.5,8395,28545.0,53072.0,86976.0,3.046978455,6476,40606.5,61671.5,92552.5,2.279253322,58972.0
2016,Genève,commune,55353.5,93.86403717018246,41.0,124230,33408.0,55353.5,89481.0,2.678430316,56073.0,71916,28792.5,52689.0,87293.5,3.03181384,52314,37886.5,58267.5,92890.5,2.451810011,58972.0
2016,Chêne-Bourg,commune,55130.5,93.48589160957744,42.0,5884,33361.25,55130.5,86331.0,2.587762749,52969.75,3100,23199.5,48022.5,80742.0,3.480333628,2784,40059.0,60764.25,92322.0,2.30465064,58972.0
2016,Onex,commune,54204.25,91.91523095706437,43.0,13102,34696.0,54204.25,81956.5,2.362131081,47260.5,6560,27527.5,49394.0,79396.0,2.88424303,6542,39799.5,57542.5,84059.5,2.112074272,58972.0
2016,Meyrin,commune,53331.5,90.43529132469646,44.0,14676,33731.0,53331.5,78437.5,2.325383179,44706.5,7156,24939.0,49479.5,78933.0,3.165042704,7520,38716.0,56183.0,77892.75,2.011900765,58972.0
2016,Vernier,commune,49024.5,83.13182527301092,45.0,23003,30444.5,49024.5,73543.0,2.415641577,43098.5,11361,21492.0,44172.0,72676.0,3.381537316,11642,36185.0,52510.0,74154.0,2.049302197,58972.0
2017,Canton,canton,59135.0,100.0,,323984,34834.5,59135.0,94490.0,2.712540728,59655.5,171214,25611.0,52120.0,87332.0,3.409941041,152770,42655.0,65688.0,104306.0,2.445340523,59135.0
2017,Vandoeuvres,commune,96322.0,162.88492432569544,1.0,1766,40456.0,96322.0,211090.0,5.217767451,170634.0,800,3708.0,46257.0,114165.0,30.78883495,966,76534.5,149183.5,294017.0,3.841626979,59135.0
2017,Choulex,commune,88764.0,150.10399932358163,2.0,822,49115.0,88764.0,140860.5,2.867973124,91745.5,400,20135.5,68922.0,112866.5,5.605348762,422,69856.5,103914.5,157245.5,2.250978792,59135.0
2017,Collonge-Bellerive,commune,88095.0,148.97268960852287,3.0,5622,41303.5,88095.0,159994.0,3.873618458,118690.5,2454,8889.0,51604.5,107513.0,12.09506131,3168,66171.75,112271.25,201527.0,3.045514136,59135.0
2017,Avusy,commune,87224.5,147.50063414221697,4.0,1063,47503.0,87224.5,134640.0,2.834347304,87137.0,461,13771.0,60826.0,100780.0,7.31827754,602,69583.0,107608.0,148775.0,2.138094075,59135.0
2017,Cologny,commune,86592.5,146.43189312589837,5.0,3758,44551.0,86592.5,165735.0,3.720118516,121184.0,1722,14783.0,62884.0,112824.0,7.632009741,2036,63653.0,110314.5,221123.5,3.473889683,59135.0
2017,Gy,commune,86421.0,146.14187875200813,6.0,340,40776.0,86421.0,132757.75,3.255781587,91981.75,172,10496.0,52304.5,110254.5,10.50443026,168,70873.25,105399.0,146553.25,2.06782178,59135.0
2017,Veyrier,commune,84835.0,143.45987993574025,7.0,8136,41554.25,84835.0,142989.0,3.441019872,101434.75,3652,13970.5,53530.0,99997.0,7.157725207,4484,64436.0,108278.25,182188.5,2.827433422,59135.0
2017,Anières,commune,84002.0,142.05123869113046,8.0,1703,35802.5,84002.0,158063.5,4.414873263,122261.0,779,11220.0,48716.0,104155.0,9.282976827,924,65314.5,118113.5,204458.5,3.130369214,59135.0
2017,Cartigny,commune,83789.0,141.6910459118965,9.0,675,46787.5,83789.0,125538.5,2.683163238,78751.0,313,20260.0,65559.0,103676.0,5.11727542,362,63374.0,99685.0,146587.0,2.31304636,59135.0
2017,Aire-la-Ville,commune,83227.0,140.74067810941068,10.0,830,46827.5,83227.0,116685.0,2.491805029,69857.5,326,17657.0,61189.5,100043.0,5.665911537,504,68288.25,93344.0,122462.25,1.793313637,59135.0
2017,Soral,commune,83037.0,140.41937938615035,11.0,602,53047.5,83037.0,118256.0,2.229247373,65208.5,286,34400.0,77699.5,112758.0,3.277848837,316,58416.5,85166.0,124671.0,2.13417442,59135.0
2017,Laconnex,commune,82618.0,139.7108311490657,12.0,519,49414.0,82618.0,118344.0,2.3949488,68930.0,217,24047.0,63573.0,114764.0,4.772487213,302,64377.5,91582.0,119993.0,1.863896548,59135.0
2017,Corsier,commune,80824.0,136.67709478312335,13.0,1491,41438.0,80824.0,146339.0,3.531516965,104901.0,651,11222.0,47654.0,95551.0,8.514614151,840,63144.0,106519.75,185047.75,2.930567433,59135.0
2017,Genthod,commune,80697.0,136.4623319523125,14.0,1753,41135.0,80697.0,133880.0,3.254649325,92745.0,777,8123.0,51116.0,98087.0,12.07521852,976,62387.5,96854.75,149856.75,2.402031657,59135.0
2017,Collex-Bossy,commune,79497.0,134.43307685803669,15.0,1030,45263.0,79497.0,124946.0,2.760444513,79683.0,456,13825.5,59460.0,99956.0,7.229828939,574,62656.5,93644.0,138773.5,2.214830066,59135.0
2017,Hermance,commune,79356.0,134.1946393844593,16.0,715,38179.5,79356.0,143838.0,3.76741445,105658.5,361,12085.0,59385.0,105903.0,8.763177493,354,64249.0,105690.5,185143.5,2.881655746,59135.0
2017,Troinex,commune,78239.5,132.30658662382683,17.0,1739,40668.5,78239.5,125699.0,3.090819676,85030.5,835,14460.0,51444.0,96376.0,6.665006916,904,63061.25,98354.0,152227.0,2.413954687,59135.0
2017,Jussy,commune,77233.5,130.60539443645897,18.0,926,40700.0,77233.5,125539.0,3.084496314,84839.0,418,14909.0,53460.0,103033.0,6.910792139,508,60905.0,92379.25,140840.0,2.312453822,59135.0
2017,Presinge,commune,76726.5,129.7480341591274,19.0,512,44056.75,76726.5,110364.5,2.505053142,66307.75,248,21736.5,63275.5,95080.5,4.374232282,264,58537.75,83792.25,127627.25,2.180255476,59135.0
2017,Satigny,commune,75672.5,127.9656717679885,20.0,2729,44171.0,75672.5,108608.0,2.458807815,64437.0,1243,23918.0,58745.0,99806.0,4.172840539,1486,57203.5,84828.0,115373.0,2.016887079,59135.0
2017,Pregny-Chambésy,commune,75476.75,127.63464953073476,21.0,1982,38888.0,75476.75,136173.5,3.501684324,97285.5,904,9773.5,50627.0,95071.0,9.727426204,1078,59535.5,92662.5,176315.0,2.961510359,59135.0
2017,Russin,commune,74612.75,126.17358586285619,22.0,390,41702.5,74612.75,122559.0,2.938888556,80856.5,184,32204.5,66100.5,119906.5,3.723284013,206,53878.0,84141.0,123386.5,2.290109135,59135.0
2017,Confignon,commune,73234.0,123.84205631182887,23.0,3301,41240.0,73234.0,114866.5,2.785317653,73626.5,1519,13587.0,53743.0,94452.0,6.951644955,1782,57280.5,84133.5,129631.5,2.263100008,59135.0
2017,Plan-les-Ouates,commune,72781.0,123.07601251373974,24.0,7445,39454.5,72781.0,112636.5,2.854845455,73182.0,3577,16695.0,55896.0,96085.0,5.755315963,3868,55037.0,85253.75,127034.0,2.308156331,59135.0
2017,Bardonnex,commune,72622.0,122.80713621374821,25.0,1617,40397.5,72622.0,109107.0,2.700835448,68709.5,791,26638.0,59375.0,101305.0,3.803025753,826,51375.5,81228.0,114760.5,2.233759282,59135.0
2017,Chêne-Bougeries,commune,72080.0,121.8905893295003,26.0,8131,38485.5,72080.0,126227.0,3.279858648,87741.5,4045,24324.0,55262.0,95692.0,3.934056899,4086,53133.0,90040.0,177400.5,3.338800745,59135.0
2017,Chancy,commune,72064.0,121.86353259490997,27.0,1080,40586.0,72064.0,103961.25,2.561505199,63375.25,500,17340.5,59727.5,94961.0,5.47625501,580,55792.5,80665.25,108104.0,1.937608101,59135.0
2017,Meinier,commune,71820.0,121.4509173924072,28.0,1519,41280.0,71820.0,107460.0,2.603197674,66180.0,741,27984.0,57441.0,94203.0,3.366316467,778,54042.0,80060.0,118762.5,2.197596314,59135.0
2017,Puplinge,commune,71498.0,120.90640060877654,29.0,1763,42591.0,71498.0,106431.0,2.49890822,63840.0,867,24700.0,59834.0,95431.0,3.863603239,896,53339.5,82196.75,121934.25,2.286002868,59135.0
2017,Céligny,commune,70917.0,119.92390293396467,30.0,501,38023.0,70917.0,123638.0,3.251663467,85615.0,219,8821.0,44745.0,87540.0,9.924044893,282,50781.0,88945.5,159805.5,3.14695457,59135.0
2017,Bernex,commune,69911.0,118.22271074659676,31.0,7306,41179.0,69911.0,105764.0,2.568396513,64585.0,3490,22724.0,58570.5,94141.0,4.142800563,3816,52066.5,78455.25,115372.25,2.215863367,59135.0
2017,Bellevue,commune,67441.75,114.04709562864632,32.0,1882,36219.0,67441.75,106722.0,2.946575002,70503.0,856,11822.5,48955.0,89159.0,7.541467541,1026,51827.0,78842.5,115473.5,2.228056804,59135.0
2017,Dardagny,commune,67393.5,113.96550266339732,33.0,1294,41393.0,67393.5,96578.0,2.333196434,55185.0,646,27000.0,57350.0,93267.0,3.454333333,648,50719.25,73642.5,98096.25,1.934102929,59135.0
2017,Perly-Certoux,commune,65733.5,111.15836644964912,34.0,2176,41569.5,65733.5,97214.0,2.338589591,55644.5,1102,28246.0,60839.5,93440.0,3.30807902,1074,48783.5,69623.5,100569.0,2.0615372,59135.0
2017,Avully,commune,59935.5,101.35368225247316,35.0,1269,37914.0,59935.5,89551.0,2.361950731,51637.0,661,24733.0,53508.0,84500.0,3.416488093,608,48917.0,69435.75,95376.0,1.94975162,59135.0
2017,Grand-Saconnex,commune,59049.0,99.8545700515769,36.0,6795,33542.0,59049.0,92932.0,2.770615944,59390.0,3291,18675.0,50948.0,87044.0,4.660990629,3504,41865.75,64307.0,98522.0,2.353284009,59135.0
2017,Lancy,commune,58333.0,98.643781178659,37.0,21955,36501.0,58333.0,86424.0,2.367715953,49923.0,11155,27856.0,55069.0,85449.0,3.067525847,10800,42374.75,60840.25,87120.5,2.055953132,59135.0
2017,Carouge,commune,58200.0,98.41887207237676,38.0,15262,35073.0,58200.0,91120.5,2.598024121,56047.5,8664,28385.5,53640.0,88308.0,3.111024995,6598,41794.5,63079.0,94201.0,2.253909007,59135.0
2017,Versoix,commune,57996.0,98.07389870634988,39.0,8029,33589.5,57996.0,89936.0,2.677503386,56346.5,3959,19223.0,50210.0,84269.0,4.383759039,4070,41904.0,62620.5,96148.5,2.294494559,59135.0
2017,Thônex,commune,57831.0,97.79487613088695,40.0,10065,34339.0,57831.0,93541.5,2.724060107,59202.5,5071,20657.0,47272.0,80343.0,3.889383744,4994,44164.5,68487.5,109763.0,2.485321921,59135.0
2017,Genève,commune,55604.0,94.02891688509342,41.0,125591,33611.0,55604.0,89772.0,2.670911309,56161.0,73381,29136.0,52931.0,87515.0,3.003672433,52210,38055.0,58999.5,93697.0,2.462146893,59135.0
2017,Chêne-Bourg,commune,54533.5,92.21865223640822,42.0,5968,33022.0,54533.5,86976.0,2.633880443,53954.0,3146,24177.0,48856.5,81379.0,3.365967655,2822,40132.0,59813.0,91993.0,2.29226054,59135.0
2017,Onex,commune,54056.75,91.41244609791156,43.0,13356,35037.5,54056.75,81727.0,2.332557974,46689.5,6772,27782.5,49155.0,78889.5,2.839539278,6584,40236.25,57703.0,84918.0,2.110484948,59135.0
2017,Meyrin,commune,53295.5,90.12513739748033,44.0,15290,33696.0,53295.5,78642.0,2.333867521,44946.0,7496,25169.0,49248.5,78619.0,3.123644165,7794,38971.5,56417.0,78666.0,2.018552019,59135.0
2017,Vernier,commune,49057.5,82.95848482286294,45.0,23286,30561.0,49057.5,73371.0,2.400804947,42810.0,11606,22147.0,44105.0,72100.0,3.255519935,11680,36388.75,52860.75,74461.0,2.046264299,59135.0
2018,Canton,canton,59586.0,100.0,,327251,35032.0,59586.0,95225.0,2.718229048,60193.0,174683,26038.0,52519.0,87672.0,3.367078885,152568,43039.5,66264.0,105461.75,2.450347936,59586.0
2018,Vandoeuvres,commune,95084.0,159.57439667035882,1.0,1742,42969.0,95084.0,212876.5,4.954187903,169907.5,780,3279.0,46779.0,108023.5,32.94403782,962,76500.5,157124.0,302602.0,3.955555846,59586.0
2018,Collonge-Bellerive,commune,88549.0,148.6070553485718,2.0,5712,41447.5,88549.0,163045.0,3.933771639,121597.5,2554,10684.0,52339.0,108007.0,10.10922875,3158,68543.5,118131.0,207129.5,3.021869324,59586.0
2018,Cologny,commune,88190.5,148.00540395394893,3.0,3787,45871.0,88190.5,173187.5,3.775533562,127316.5,1739,16259.0,66000.0,119130.0,7.327018882,2048,65248.25,112498.25,225536.0,3.456583127,59586.0
2018,Choulex,commune,87966.5,147.6294767227201,4.0,825,48374.0,87966.5,140027.0,2.894674825,91653.0,413,19431.0,67443.0,112953.0,5.813030724,412,69621.0,103900.25,168393.5,2.418717054,59586.0
2018,Aire-la-Ville,commune,86090.5,144.4810861611788,5.0,823,47453.0,86090.5,118122.5,2.489252524,70669.5,329,18457.0,60183.0,100900.0,5.466760579,494,69008.5,96551.5,123728.5,1.792945797,59586.0
2018,Avusy,commune,84658.0,142.0769979525392,6.0,1064,47485.5,84658.0,132980.5,2.800444346,85495.0,468,16495.0,57179.0,96672.5,5.860715368,596,67616.5,105061.5,152342.5,2.25303735,59586.0
2018,Veyrier,commune,84590.5,141.96371630920015,7.0,8176,41930.5,84590.5,144697.75,3.450894933,102767.25,3708,13918.0,53403.5,100036.5,7.187562868,4468,65900.5,108969.25,184381.0,2.797869515,59586.0
2018,Cartigny,commune,84081.0,141.1086496828114,8.0,690,47276.0,84081.0,127870.0,2.704755055,80594.0,332,20631.5,67079.5,104304.5,5.0555946,358,64550.0,99046.5,148109.5,2.294492641,59586.0
2018,Anières,commune,83087.0,139.44047259423357,9.0,1688,34049.5,83087.0,162753.5,4.779908662,128704.0,800,10508.5,48987.0,104411.5,9.935909026,888,64450.75,118695.5,205620.25,3.190346893,59586.0
2018,Gy,commune,82785.0,138.93364213070186,10.0,333,48397.0,82785.0,131376.5,2.714558754,82979.5,173,12569.0,59107.0,111125.0,8.841196595,160,69425.25,103680.75,151948.5,2.188663347,59586.0
2018,Soral,commune,82460.0,138.38821199610646,11.0,629,53162.0,82460.0,116309.5,2.187831534,63147.5,307,31400.0,74914.0,110217.0,3.510095541,322,62609.0,88071.5,119085.0,1.902042837,59586.0
2018,Corsier,commune,81551.0,136.8626858658074,12.0,1521,45761.5,81551.0,145828.5,3.186707167,100067.0,667,15476.0,53450.0,98915.0,6.391509434,854,65015.0,104100.0,180452.0,2.775544105,59586.0
2018,Hermance,commune,81100.0,136.1057966636458,13.0,701,34891.0,81100.0,144106.0,4.130176836,109215.0,355,9808.0,55331.0,104308.0,10.63499184,346,61034.0,110423.5,190254.5,3.11718878,59586.0
2018,Pregny-Chambésy,commune,80533.5,135.15506998288188,14.0,1946,42141.0,80533.5,145229.0,3.446263734,103088.0,840,12002.0,55334.5,99306.0,8.27412098,1106,60255.5,97862.0,185911.0,3.085378098,59586.0
2018,Laconnex,commune,80461.0,135.03339710670292,15.0,529,48708.0,80461.0,121406.5,2.49253716,72698.5,221,18809.0,62445.0,113552.0,6.037109894,308,64074.0,89394.25,130525.0,2.037097731,59586.0
2018,Troinex,commune,80113.75,134.45062598596985,16.0,1814,40191.0,80113.75,129833.0,3.230399841,89642.0,858,12282.0,52144.0,96662.0,7.870216577,956,64920.5,101802.75,154647.5,2.382105806,59586.0
2018,Collex-Bossy,commune,79765.0,133.86533749538484,17.0,1056,42333.25,79765.0,124539.5,2.941883744,82206.25,480,14836.5,58211.5,98608.5,6.646345162,576,65813.75,94858.25,136674.25,2.076682304,59586.0
2018,Genthod,commune,79238.0,132.98090155405632,18.0,1749,40547.0,79238.0,132099.5,3.257935236,91552.5,771,7527.0,49144.0,97780.0,12.99056729,978,61449.0,97761.5,155530.5,2.531050139,59586.0
2018,Russin,commune,79122.5,132.78706407545397,19.0,393,46335.5,79122.5,122450.5,2.642692968,76115.0,185,36289.0,68522.0,117348.0,3.233707184,208,55728.5,89650.25,125143.25,2.245587985,59586.0
2018,Jussy,commune,78480.0,131.7087906555231,20.0,899,43055.0,78480.0,125244.5,2.908942051,82189.5,415,15656.0,55107.0,106900.0,6.828053143,484,63485.0,93457.25,141816.5,2.233858392,59586.0
2018,Satigny,commune,75912.0,127.39905346893565,21.0,2759,43438.0,75912.0,108884.5,2.506664671,65446.5,1291,23554.0,58450.0,99870.0,4.240044154,1468,58893.0,85042.0,115798.0,1.966243866,59586.0
2018,Presinge,commune,75117.0,126.06484744738697,22.0,526,39786.0,75117.0,111127.0,2.793118182,71341.0,258,17721.0,59719.5,95373.0,5.381919756,268,56341.5,84209.75,133582.5,2.370943266,59586.0
2018,Confignon,commune,74569.5,125.14600745141476,23.0,3316,42348.5,74569.5,117503.0,2.774667344,75154.5,1518,16497.0,55663.0,94383.0,5.72122204,1798,57575.0,86766.0,133252.0,2.314407295,59586.0
2018,Chêne-Bougeries,commune,72851.5,122.26277984761522,24.0,8318,39406.0,72851.5,126541.5,3.211224179,87135.5,4150,25517.0,56046.0,95847.0,3.756201748,4168,54164.0,92213.5,179828.75,3.320078835,59586.0
2018,Puplinge,commune,72850.0,122.26026247776322,25.0,1787,42842.0,72850.0,109103.0,2.546636478,66261.0,889,24635.0,61800.0,97681.0,3.965130911,898,52654.0,82693.5,118448.5,2.249563186,59586.0
2018,Plan-les-Ouates,commune,72846.0,122.2535494914913,26.0,7485,39148.0,72846.0,113123.0,2.889623991,73975.0,3623,15627.0,54994.0,96109.0,6.150188776,3862,55985.5,86170.0,127405.5,2.275687455,59586.0
2018,Bardonnex,commune,72435.25,121.56420971369113,27.0,1642,39204.5,72435.25,108795.0,2.775064087,69590.5,812,27363.5,61252.5,101600.0,3.712975314,830,48608.5,79620.0,116121.0,2.388903175,59586.0
2018,Céligny,commune,71940.0,120.73305810089619,28.0,506,38082.0,71940.0,126531.0,3.322593351,88449.0,222,10675.0,47425.5,86464.0,8.099672131,284,51627.5,92938.5,163517.5,3.167255823,59586.0
2018,Chancy,commune,70690.0,118.63524989091397,29.0,1093,42755.5,70690.0,107555.0,2.515582791,64799.5,517,18740.0,59551.0,99162.0,5.291462113,576,56673.0,79550.0,108910.0,1.921726395,59586.0
2018,Bernex,commune,70062.0,117.58131104621891,30.0,7499,40776.0,70062.0,105860.0,2.596134981,65084.0,3655,22295.0,57750.0,94882.0,4.255752411,3844,52434.5,79205.75,117076.0,2.232804737,59586.0
2018,Meinier,commune,68990.0,115.78223072533818,31.0,1529,41358.0,68990.0,106980.0,2.586682141,65622.0,751,26188.0,55691.0,96080.0,3.668855965,778,52970.5,78078.0,119950.0,2.264467959,59586.0
2018,Dardagny,commune,68533.0,115.01527204376868,32.0,1304,41267.5,68533.0,97144.0,2.354007391,55876.5,648,28347.0,58641.5,93113.0,3.284756764,656,51087.0,74772.25,99573.5,1.949096639,59586.0
2018,Perly-Certoux,commune,65700.0,110.26079951666499,33.0,2207,41499.0,65700.0,97406.0,2.347189089,55907.0,1151,30437.0,61436.0,95197.0,3.127673555,1056,48019.5,69854.75,98740.5,2.056258395,59586.0
2018,Bellevue,commune,65275.0,109.54754472527104,34.0,1904,35245.0,65275.0,105622.75,2.996815151,70377.75,864,11634.5,47674.0,89809.0,7.719197215,1040,51119.25,75556.75,112662.75,2.203920245,59586.0
2018,Avully,commune,61590.0,103.36320612224348,35.0,1269,37220.0,61590.0,89802.0,2.412735089,52582.0,683,23657.0,55953.0,85141.0,3.598977047,586,47006.0,69143.0,95029.5,2.021646173,59586.0
2018,Carouge,commune,58743.5,98.58607726647199,36.0,15382,35304.0,58743.5,91586.0,2.594210288,56282.0,8870,28511.0,54184.5,88224.0,3.094384623,6512,41549.75,63865.75,96656.0,2.326271518,59586.0
2018,Grand-Saconnex,commune,58690.25,98.49671063672675,37.0,6898,33191.0,58690.25,92642.5,2.791193396,59451.5,3402,19043.0,49603.5,84408.0,4.43249488,3496,42356.0,64633.5,99345.75,2.345494145,59586.0
2018,Lancy,commune,58389.0,97.99113885812103,38.0,22563,36216.0,58389.0,86487.5,2.388101944,50271.5,11633,27209.0,54773.0,85523.0,3.143187916,10930,42599.0,60995.5,87466.0,2.053240686,59586.0
2018,Versoix,commune,58300.0,97.8417749135703,39.0,8051,34241.0,58300.0,91211.0,2.663794866,56970.0,4019,21039.0,50164.0,84873.0,4.034079567,4032,42230.5,63372.25,98233.25,2.326120932,59586.0
2018,Thônex,commune,58059.0,97.43731749068573,40.0,10081,34020.0,58059.0,93636.5,2.75239565,59616.5,5091,21171.0,47327.0,80200.0,3.788200841,4990,44436.5,67770.5,109643.5,2.467419801,59586.0
2018,Genève,commune,56425.5,94.69590172188099,41.0,126400,34063.5,56425.5,90771.25,2.664765805,56707.75,74540,29756.5,53546.0,87990.5,2.957017794,51860,38646.0,59999.0,95325.5,2.466633028,59586.0
2018,Chêne-Bourg,commune,55277.25,92.76885510019132,42.0,5974,33224.5,55277.25,88411.0,2.661018225,55186.5,3186,23885.0,48899.0,81111.0,3.395897006,2788,40047.5,61014.5,95629.5,2.387901867,59586.0
2018,Onex,commune,54179.75,90.92697949182694,43.0,13358,34781.0,54179.75,82056.0,2.359219114,47275.0,6906,28039.0,49727.5,79374.0,2.830842755,6452,40347.5,57515.5,84673.5,2.098605862,59586.0
2018,Meyrin,commune,53529.5,89.8356996609942,44.0,15946,33619.0,53529.5,78698.0,2.34087867,45079.0,7878,25208.0,49862.5,78649.0,3.120001587,8068,38871.0,56287.75,78713.5,2.024992925,59586.0
2018,Vernier,commune,49100.0,82.40190648810123,45.0,23377,30666.0,49100.0,73565.0,2.398910846,42899.0,11731,22410.0,44369.0,71892.0,3.208032129,11646,36326.5,52974.5,74843.5,2.060300332,59586.0
2019,Canton,canton,60270.0,100.0,,331263,35481.0,60270.0,96706.0,2.725571433,61225.0,178503,26588.0,53388.0,89053.0,3.349368136,152760,43424.5,67230.0,107199.0,2.46862946,60270.0
2019,Vandoeuvres,commune,100432.5,166.6376306620209,1.0,1816,42910.0,100432.5,215430.75,5.020525519,172520.75,812,5381.5,47527.0,112300.0,20.86778779,1004,82818.0,156899.5,309827.5,3.741064744,60270.0
2019,Choulex,commune,89801.0,148.9978430396549,2.0,849,44109.0,89801.0,141942.5,3.21799406,97833.5,437,16713.0,67745.0,112116.0,6.708310896,412,71727.0,104697.25,175568.0,2.447725403,60270.0
2019,Cologny,commune,89357.0,148.26115812178531,3.0,3785,45232.0,89357.0,174403.5,3.855754775,129171.5,1761,13641.0,65037.0,119278.0,8.744080346,2024,65102.0,113003.25,220987.0,3.394473288,60270.0
2019,Collonge-Bellerive,commune,89324.0,148.20640451302472,4.0,5785,41999.0,89324.0,164426.5,3.915009881,122427.5,2611,12966.0,53537.0,111166.0,8.573654172,3174,69502.5,118686.5,206938.0,2.977418078,60270.0
2019,Aire-la-Ville,commune,88599.5,147.0043139206902,5.0,827,48471.5,88599.5,118935.5,2.453720227,70464.0,347,18960.0,64771.0,106663.0,5.625685654,480,69521.5,97773.5,125937.75,1.811493567,60270.0
2019,Cartigny,commune,87218.0,144.7121287539406,6.0,682,46779.5,87218.0,133441.0,2.852552935,86661.5,330,21956.0,71887.0,112153.0,5.108079796,352,65075.5,95354.5,147052.25,2.259717559,60270.0
2019,Avusy,commune,86685.0,143.827775012444,7.0,1057,46653.0,86685.0,135291.0,2.899942126,88638.0,463,13998.0,53102.0,97969.0,6.998785541,594,72408.0,106184.0,155802.5,2.151730472,60270.0
2019,Veyrier,commune,86392.0,143.3416293346607,8.0,8339,42620.0,86392.0,145704.0,3.418676678,103084.0,3833,15184.0,55829.0,101179.0,6.663527397,4506,66267.0,110838.5,182654.5,2.756341769,60270.0
2019,Corsier,commune,84521.5,140.23809523809524,9.0,1540,46265.0,84521.5,148273.5,3.204874095,102008.5,672,14270.0,55249.0,104006.0,7.288437281,868,68479.5,110570.0,180542.5,2.636445944,60270.0
2019,Gy,commune,83965.0,139.31475029036005,10.0,339,43843.0,83965.0,137905.5,3.145439409,94062.5,177,14453.0,59330.0,111742.0,7.731405245,162,71295.0,99768.5,155362.5,2.179150011,60270.0
2019,Anières,commune,83557.0,138.63779658204746,11.0,1687,34249.5,83557.0,159219.0,4.648797793,124969.5,783,8837.0,46582.0,110950.0,12.55516578,904,66630.25,116092.0,195922.25,2.940439965,60270.0
2019,Soral,commune,82332.5,136.60610585697694,12.0,690,53601.5,82332.5,115135.5,2.147990261,61534.0,336,36430.5,75726.5,105923.0,2.907536268,354,62505.0,89384.5,121095.0,1.937365011,60270.0
2019,Laconnex,commune,81084.0,134.5345943255351,13.0,529,52195.5,81084.0,123626.5,2.368527938,71431.0,217,20280.0,65860.0,105062.0,5.180571992,312,65588.75,98251.25,132686.0,2.022999371,60270.0
2019,Collex-Bossy,commune,80982.0,134.36535589845695,14.0,1057,43102.0,80982.0,124415.0,2.886524987,81313.0,491,12007.0,56466.0,100028.0,8.330807029,566,64945.5,97132.0,144923.0,2.231455605,60270.0
2019,Genthod,commune,80634.5,133.7887838062054,15.0,1788,39172.0,80634.5,133238.5,3.401370877,94066.5,790,7600.0,47710.5,99654.0,13.11236842,998,64248.5,100715.0,152773.5,2.377853179,60270.0
2019,Troinex,commune,80547.5,133.64443338310934,16.0,1842,41511.5,80547.5,135048.0,3.253267167,93536.5,906,14701.0,54178.0,99380.0,6.760084348,936,64718.5,104561.5,163463.5,2.525761567,60270.0
2019,Hermance,commune,79762.0,132.34113157458106,17.0,714,34582.5,79762.0,147685.0,4.270512542,113102.5,358,14787.0,56439.0,106704.0,7.216068168,356,57154.5,104834.0,178447.0,3.122186355,60270.0
2019,Pregny-Chambésy,commune,79562.0,132.00929152148663,18.0,1924,42935.25,79562.0,149109.0,3.472880675,106173.75,846,13198.0,57366.5,100725.0,7.631838157,1078,59503.5,100764.0,182872.5,3.073306612,60270.0
2019,Jussy,commune,78511.0,130.26547204247552,19.0,909,42848.0,78511.0,124713.0,2.910590926,81865.0,423,17080.0,57588.0,102973.0,6.028864169,486,63380.0,91044.0,140887.0,2.222893657,60270.0
2019,Russin,commune,75945.0,126.00796416127426,20.0,393,43156.5,75945.0,124586.5,2.886853661,81430.0,179,29932.0,63391.0,109732.0,3.666043031,214,53068.5,90360.5,128446.0,2.420381205,60270.0
2019,Satigny,commune,74781.0,124.07665505226481,21.0,2854,41783.0,74781.0,108211.5,2.589845152,66428.5,1370,23211.0,59146.0,98343.0,4.236913532,1484,56071.5,84948.75,115484.0,2.059584637,60270.0
2019,Confignon,commune,74557.5,123.7058237929318,22.0,3363,41566.5,74557.5,117361.0,2.823451578,75794.5,1593,14012.0,55771.0,95669.0,6.827647731,1770,58236.5,87592.0,132668.0,2.278090201,60270.0
2019,Chêne-Bougeries,commune,74233.0,123.16741330678613,23.0,8507,39240.0,74233.0,130532.0,3.326503568,91292.0,4311,23684.0,57361.0,98231.0,4.147567978,4196,55228.5,94766.75,186059.0,3.368894683,60270.0
2019,Presinge,commune,72534.5,120.34926165588186,24.0,531,40153.5,72534.5,117857.0,2.935161318,77703.5,269,22192.0,60949.0,97430.0,4.390320836,262,48945.5,82684.0,135817.5,2.774872052,60270.0
2019,Plan-les-Ouates,commune,72317.0,119.98838559814169,25.0,7543,38494.5,72317.0,112504.5,2.922612321,74010.0,3683,16620.0,54298.0,96078.0,5.780866426,3860,55712.5,86266.5,127548.5,2.28940543,60270.0
2019,Puplinge,commune,72148.0,119.70798075327691,26.0,1780,43372.75,72148.0,108953.5,2.51202656,65580.75,884,25072.5,60097.0,98555.0,3.930800678,896,53206.75,82929.25,120025.75,2.2558369,60270.0
2019,Bardonnex,commune,72000.0,119.46241911398705,27.0,1651,39638.5,72000.0,110005.0,2.775205924,70366.5,839,27863.0,61072.0,100978.0,3.624089294,812,50401.5,81301.75,121396.0,2.40857911,60270.0
2019,Céligny,commune,71524.0,118.67263978762237,28.0,518,36697.0,71524.0,127332.0,3.469820421,90635.0,224,12118.5,47584.0,83932.5,6.925980938,294,55511.5,93481.0,176448.5,3.178593625,60270.0
2019,Bernex,commune,70510.5,116.99104031856645,29.0,7519,40753.0,70510.5,108195.0,2.654896572,67442.0,3705,24024.0,58839.0,95771.0,3.986471861,3814,53138.0,79696.0,119321.5,2.245502277,60270.0
2019,Chancy,commune,70242.0,116.5455450472872,30.0,1095,41372.5,70242.0,107745.0,2.604266119,66372.5,547,19985.0,56579.0,98236.0,4.915486615,548,56858.0,78105.5,110609.5,1.945363889,60270.0
2019,Meinier,commune,69070.25,114.60137713622034,31.0,1530,42721.0,69070.25,111335.0,2.606095363,68614.0,766,28202.0,58045.5,97342.0,3.451599177,764,54615.0,78815.0,128163.0,2.346663005,60270.0
2019,Dardagny,commune,68528.0,113.70167579226813,32.0,1295,41780.0,68528.0,96441.0,2.308305409,54661.0,651,24863.0,59326.0,93977.0,3.779793267,644,54595.0,74456.5,98810.5,1.809881857,60270.0
2019,Bellevue,commune,67122.5,111.36966981914718,33.0,1937,35574.0,67122.5,107832.0,3.031202564,72258.0,913,11839.0,48418.0,90615.0,7.653940367,1024,52541.25,80420.0,116008.75,2.207955654,60270.0
2019,Perly-Certoux,commune,67093.0,111.32072341131574,34.0,2264,41241.5,67093.0,97839.5,2.372355516,56598.0,1180,30023.5,60176.0,94191.0,3.137242493,1084,49657.5,71773.5,102045.5,2.054986659,60270.0
2019,Avully,commune,62480.0,103.6668325866932,35.0,1242,38699.0,62480.0,91838.0,2.373136257,53139.0,658,26995.0,56178.0,87403.0,3.237747731,584,47909.0,69467.0,96580.5,2.01591559,60270.0
2019,Grand-Saconnex,commune,59685.5,99.03019744483159,36.0,6972,34595.5,59685.5,94264.75,2.724769117,59669.25,3450,19234.0,50930.0,86401.0,4.492097328,3522,43702.0,65657.5,101161.5,2.314802526,60270.0
2019,Lancy,commune,59366.5,98.50091256014602,37.0,22956,36651.0,59366.5,88560.0,2.416305149,51909.0,11928,27340.5,55370.0,87061.5,3.18434191,11028,43080.0,61679.0,90452.5,2.099640204,60270.0
2019,Carouge,commune,59210.0,98.24124771859964,38.0,15595,35288.0,59210.0,93622.0,2.653083201,58334.0,9055,28713.0,54721.0,89691.0,3.123707032,6540,41775.0,64744.25,98881.0,2.366989826,60270.0
2019,Versoix,commune,58935.0,97.78496764559482,39.0,8067,34519.0,58935.0,92210.0,2.671282482,57691.0,4075,22092.0,52090.0,86382.0,3.910103205,3992,42307.75,63746.0,98888.25,2.337355449,60270.0
2019,Thônex,commune,58609.75,97.24531275925004,40.0,10148,34326.5,58609.75,95039.0,2.768677261,60712.5,5184,22405.0,48167.5,80907.0,3.611113591,4964,44938.5,68835.25,112553.5,2.504611858,60270.0
2019,Genève,commune,57486.0,95.38078646092583,41.0,127930,34695.5,57486.0,92689.0,2.671499186,57993.5,76028,30434.0,54668.0,89757.5,2.949250838,51902,39140.5,60938.0,97481.5,2.490553263,60270.0
2019,Chêne-Bourg,commune,56237.0,93.30844532935126,42.0,6040,33476.5,56237.0,89603.0,2.676594029,56126.5,3256,23675.0,50025.0,83718.5,3.536156283,2784,40045.75,61563.5,95972.0,2.396558936,60270.0
2019,Meyrin,commune,54203.5,89.93446158951386,43.0,16253,34269.0,54203.5,79706.0,2.325892206,45437.0,8131,26076.0,50509.0,79551.0,3.050736309,8122,39178.5,57127.5,79802.0,2.036882474,60270.0
2019,Onex,commune,54188.0,89.90874398539904,44.0,13497,34785.0,54188.0,82611.0,2.374902975,47826.0,7063,27315.0,49761.0,80306.0,2.939996339,6434,41145.0,58069.0,85216.5,2.071126504,60270.0
2019,Vernier,commune,49399.25,81.9632487141198,45.0,23624,30938.5,49399.25,73838.5,2.386621847,42900.0,11968,23083.0,45211.5,72280.5,3.131330416,11656,36023.0,52741.0,74945.5,2.080490242,60270.0
2020,Canton,canton,60945.75,100.0,,333690,36147.5,60945.75,96970.0,2.682619822,60822.5,182472,27222.5,53822.5,89268.0,3.279199192,151218,44379.0,68148.0,108136.5,2.436659231,60945.75
2020,Vandoeuvres,commune,102865.25,168.7816623800675,1.0,1886,45500.0,102865.25,217446.0,4.779032967,171946.0,850,5940.0,51262.0,114075.0,19.20454545,1036,86308.5,157170.0,289864.0,3.358464114,60945.75
2020,Corsier,commune,89721.0,147.21453095580904,2.0,1617,48064.0,89721.0,153690.5,3.197621921,105626.5,705,14107.0,58555.0,102431.0,7.261005175,912,73668.25,119239.0,191514.5,2.599688468,60945.75
2020,Aire-la-Ville,commune,89665.5,147.12346636147723,3.0,835,46577.5,89665.5,121984.0,2.618946916,75406.5,349,17528.0,64465.0,107480.0,6.131903241,486,70265.0,100727.5,129482.5,1.842773785,60945.75
2020,Collonge-Bellerive,commune,89636.5,147.07588305993445,4.0,5856,43297.0,89636.5,164781.0,3.805829503,121484.0,2650,12952.0,54350.0,112774.0,8.707072267,3206,69467.5,119092.0,210123.5,3.024774175,60945.75
2020,Choulex,commune,89159.0,146.29239938798028,5.0,864,45935.5,89159.0,142484.75,3.10184389,96549.25,436,17767.0,69345.0,116219.5,6.541312546,428,70694.0,104051.25,168777.5,2.387437406,60945.75
2020,Cologny,commune,88642.0,145.4441039777179,6.0,3903,46183.0,88642.0,166380.0,3.602624342,120197.0,1845,19017.0,66112.0,117164.0,6.16101383,2058,67084.5,115665.5,214966.0,3.204406383,60945.75
2020,Cartigny,commune,88625.75,145.41744092081893,7.0,686,50327.0,88625.75,139041.0,2.762751605,88714.0,332,22969.0,73072.0,120130.0,5.230092734,354,68216.5,98970.5,154434.5,2.263887769,60945.75
2020,Veyrier,commune,87397.0,143.40130361838192,8.0,8385,43851.0,87397.0,146936.5,3.35081298,103085.5,3871,16000.0,57733.0,102728.0,6.4205,4514,68225.5,111773.0,184093.0,2.698301955,60945.75
2020,Avusy,commune,87162.0,143.01571479553536,9.0,1049,47328.0,87162.0,133405.0,2.818733097,86077.0,485,12795.0,52494.0,100450.0,7.850722939,564,75911.0,108633.5,153423.0,2.021090488,60945.75
2020,Hermance,commune,85956.25,141.0373159736323,10.0,746,41436.0,85956.25,151458.0,3.655227339,110022.0,374,14105.0,64175.5,111172.0,7.881744062,372,63735.5,108521.25,187164.5,2.936581654,60945.75
2020,Soral,commune,84988.5,139.44942838508015,11.0,702,53582.0,84988.5,116756.5,2.179024672,63174.5,334,33934.0,77173.0,111163.0,3.27585902,368,61451.5,91368.75,121264.75,1.973340765,60945.75
2020,Anières,commune,84911.75,139.323496716342,12.0,1668,32481.5,84911.75,163066.25,5.020280775,130584.75,796,9630.0,46275.0,108619.0,11.27923157,872,68858.5,125470.5,206262.5,2.995454446,60945.75
2020,Russin,commune,82975.0,136.14567053486093,13.0,390,45624.0,82975.0,122339.0,2.681461511,76715.0,180,31376.5,66941.5,109502.0,3.489936736,210,61460.5,92916.0,134954.5,2.19579242,60945.75
2020,Laconnex,commune,81913.0,134.40313721629482,14.0,535,48541.5,81913.0,122752.0,2.528805249,74210.5,223,20280.0,64129.0,103714.0,5.114102564,312,65743.25,91304.25,129118.5,1.963981093,60945.75
2020,Pregny-Chambésy,commune,81878.5,134.34652949549394,15.0,1935,42884.5,81878.5,148126.0,3.454068486,105241.5,893,12007.0,56756.0,107414.0,8.945948197,1042,64139.5,102000.5,186800.0,2.912401874,60945.75
2020,Collex-Bossy,commune,80856.75,132.6700385178622,16.0,1058,42104.5,80856.75,124709.5,2.96190431,82605.0,490,9730.0,56652.0,101440.0,10.42548818,568,63181.5,95401.75,142263.0,2.251655944,60945.75
2020,Genthod,commune,79958.0,131.1953663709118,17.0,1814,41575.0,79958.0,132137.0,3.178280216,90562.0,806,6196.0,49802.0,103620.0,16.7236927,1008,63370.0,99573.0,156997.5,2.477473568,60945.75
2020,Troinex,commune,79739.0,130.8360304040889,18.0,1891,41806.0,79739.0,131799.5,3.152645553,89993.5,951,16840.0,56462.0,102319.0,6.075950119,940,63142.5,102726.5,163409.5,2.587947896,60945.75
2020,Gy,commune,78310.75,128.49255280310769,19.0,340,48169.5,78310.75,134667.5,2.795700599,86498.0,188,14801.5,63800.5,111388.5,7.525487282,152,69730.25,97888.0,164584.5,2.360302738,60945.75
2020,Jussy,commune,77914.0,127.84156401389761,20.0,895,44485.0,77914.0,120772.5,2.7149039,76287.5,433,18090.0,58131.0,102596.0,5.671420674,462,63268.0,95393.0,138282.0,2.185654675,60945.75
2020,Satigny,commune,75638.25,124.10750544541662,21.0,2858,43233.0,75638.25,107969.0,2.497374691,64736.0,1428,24340.0,60868.5,100292.0,4.120460148,1430,58260.0,86722.5,116727.5,2.00356162,60945.75
2020,Confignon,commune,75093.0,123.21285733623755,22.0,3365,42193.0,75093.0,117891.0,2.794089067,75698.0,1605,16017.0,57096.0,98059.0,6.122182681,1760,60288.25,89010.5,131054.25,2.17379423,60945.75
2020,Chêne-Bougeries,commune,74622.5,122.44085928879372,23.0,8555,40015.0,74622.5,130250.0,3.255029364,90235.0,4333,24297.0,56337.0,98904.0,4.070626003,4222,56024.0,93865.5,182544.0,3.258317864,60945.75
2020,Presinge,commune,72649.0,119.20273357863344,24.0,527,40367.0,72649.0,114708.0,2.841628063,74341.0,271,21900.0,58993.0,94611.0,4.320136986,256,55583.75,89758.5,136507.25,2.455884139,60945.75
2020,Puplinge,commune,72093.0,118.29044683181354,25.0,1789,42965.5,72093.0,106062.5,2.468550349,63097.0,901,28300.0,61293.0,95901.0,3.388727915,888,53266.75,83690.5,115454.25,2.167473142,60945.75
2020,Plan-les-Ouates,commune,71907.0,117.98525738053924,26.0,7585,39642.0,71907.0,113580.5,2.865155643,73938.5,3739,18086.0,55062.0,96379.0,5.328928453,3846,56200.5,84962.0,126064.0,2.243111716,60945.75
2020,Chancy,commune,71133.0,116.71527547039786,27.0,1112,42480.5,71133.0,105441.5,2.482115324,62961.0,564,19350.5,57876.5,96657.5,4.995090566,548,58589.5,80806.0,108561.0,1.852908798,60945.75
2020,Bernex,commune,70876.5,116.2944093722696,28.0,7526,42394.0,70876.5,108615.0,2.562037081,66221.0,3738,26160.0,59622.5,95557.0,3.65279052,3788,53864.5,81309.25,121145.0,2.249069424,60945.75
2020,Céligny,commune,70690.0,115.98839951924458,29.0,519,36000.0,70690.0,125875.0,3.496527778,89875.0,231,4547.0,48000.0,83559.0,18.37673191,288,54351.5,96124.75,172765.5,3.178670322,60945.75
2020,Meinier,commune,69999.5,114.85542470147632,30.0,1547,42820.5,69999.5,108228.0,2.527480996,65407.5,801,28785.0,56794.0,93930.0,3.263157895,746,55530.5,81369.5,125754.5,2.264602336,60945.75
2020,Dardagny,commune,69882.0,114.66263029005303,31.0,1303,41816.0,69882.0,96799.0,2.314879472,54983.0,651,27024.0,63140.0,94495.0,3.496706631,652,54732.5,74420.0,98783.0,1.804832595,60945.75
2020,Bardonnex,commune,69712.0,114.38369369480235,32.0,1735,39255.0,69712.0,107762.0,2.745178958,68507.0,907,27672.0,58977.0,100245.0,3.622614918,828,48617.0,80410.75,118783.0,2.443240019,60945.75
2020,Bellevue,commune,68773.0,112.84297920691763,33.0,2037,37166.0,68773.0,108218.0,2.911747296,71052.0,973,12929.0,50857.0,92180.0,7.129708407,1064,52777.75,80638.5,117710.5,2.230305384,60945.75
2020,Perly-Certoux,commune,68279.0,112.03242227718914,34.0,2293,41904.5,68279.0,98691.0,2.355140856,56786.5,1211,30303.0,61043.0,93843.0,3.096822097,1082,51093.0,74051.5,102467.5,2.005509561,60945.75
2020,Avully,commune,65378.0,107.27245131941112,35.0,1264,39308.0,65378.0,91456.0,2.326651063,52148.0,662,29425.0,59408.5,88587.0,3.010603229,602,49274.5,70244.5,94024.5,1.908177658,60945.75
2020,Grand-Saconnex,commune,60223.0,98.81410926930918,36.0,7111,34888.5,60223.0,93597.0,2.682746464,58708.5,3603,19074.0,51955.0,87091.0,4.565953654,3508,44471.5,65792.5,99789.0,2.243886534,60945.75
2020,Lancy,commune,59894.0,98.27428491732402,37.0,23368,37483.0,59894.0,88680.25,2.365879199,51197.25,12444,28111.0,55581.5,86632.5,3.081800719,10924,43982.5,63252.75,90791.5,2.064264196,60945.75
2020,Thônex,commune,59563.5,97.73199936008663,38.0,10341,35619.5,59563.5,94706.5,2.658838558,59087.0,5421,23664.0,49331.0,82751.0,3.496915145,4920,45379.0,69337.25,112221.75,2.472988607,60945.75
2020,Carouge,commune,59393.5,97.45306276483593,39.0,15559,35483.5,59393.5,93286.0,2.628996576,57802.5,9221,29045.0,54906.0,88889.0,3.060389051,6338,42945.5,65310.0,100138.0,2.33174605,60945.75
2020,Versoix,commune,59106.5,96.9821521599127,40.0,8058,34797.5,59106.5,92122.0,2.647374093,57324.5,4142,21114.0,50402.5,85721.0,4.059912854,3916,44158.0,64899.75,98714.0,2.235472621,60945.75
2020,Genève,commune,58001.0,95.16824388903245,41.0,128475,35361.0,58001.0,93153.0,2.63434292,57792.0,77287,30959.0,55054.0,90000.0,2.907070642,51188,39879.0,61703.5,98774.5,2.476854986,60945.75
2020,Chêne-Bourg,commune,57119.0,93.7210552007318,42.0,6160,34496.0,57119.0,89567.0,2.596445965,55071.0,3376,25118.5,50572.0,83800.0,3.336186476,2784,41215.5,63373.75,97539.75,2.366579321,60945.75
2020,Onex,commune,54760.0,89.85039974075305,43.0,13445,35451.0,54760.0,83216.0,2.347352684,47765.0,7159,27526.0,49620.0,80114.0,2.910484633,6286,41610.5,58788.0,86388.0,2.076110597,60945.75
2020,Meyrin,commune,54662.0,89.68960099760854,44.0,16543,34584.0,54662.0,79778.0,2.306789267,45194.0,8471,26430.0,50625.0,78816.0,2.982065834,8072,40050.25,57774.75,80708.75,2.015187171,60945.75
2020,Vernier,commune,50121.5,82.23953269916278,45.0,23560,31454.25,50121.5,74239.5,2.360237488,42785.25,12142,23078.0,45735.0,72744.0,3.152092902,11418,37052.0,54185.0,75459.0,2.036570226,60945.75
2021,Canton,canton,62044.5,100.0,,343222,37216.5,62044.5,98441.5,2.64510365,61225.0,188900,28871.0,55567.0,90812.0,3.145440061,154322,44906.5,68966.5,109799.5,2.445069199,62044.5
2021,Vandoeuvres,commune,102264.5,164.8244405225282,1.0,1947,48033.0,102264.5,212208.5,4.41797306,164175.5,875,7054.0,51409.0,111209.0,15.76538134,1072,84974.75,156292.25,300449.25,3.535747384,62044.5
2021,Collonge-Bellerive,commune,91912.5,148.13964170877355,2.0,5998,44747.0,91912.5,169212.0,3.781527253,124465.0,2712,13386.5,56510.0,113535.0,8.481305793,3286,71201.5,122347.0,213806.0,3.002829997,62044.5
2021,Cartigny,commune,91877.0,148.08242471129594,3.0,722,49878.0,91877.0,140526.0,2.817394442,90648.0,340,27199.5,70872.5,117333.5,4.313810916,382,73291.5,102569.0,156044.0,2.129087275,62044.5
2021,Corsier,commune,91618.5,147.6657882648744,4.0,1623,47856.0,91618.5,154594.0,3.230399532,106738.0,729,16000.0,59267.0,104573.0,6.5358125,894,73330.0,121727.0,201089.0,2.742247375,62044.5
2021,Cologny,commune,89624.0,144.45116005447701,5.0,4085,46803.0,89624.0,170693.0,3.647052539,123890.0,1919,19437.0,66544.0,120756.0,6.212687143,2166,65707.5,115021.0,219173.5,3.335593349,62044.5
2021,Aire-la-Ville,commune,88696.0,142.95545938801988,6.0,825,43970.0,88696.0,123350.5,2.805333182,79380.5,349,14893.0,64870.0,109434.0,7.348015846,476,61218.0,96486.0,129033.5,2.10777059,62044.5
2021,Choulex,commune,88103.0,141.9996937681825,7.0,880,46916.25,88103.0,141841.0,3.023280846,94924.75,452,19464.0,68565.0,117410.0,6.03216194,428,69435.5,106384.5,169301.5,2.438255647,62044.5
2021,Anières,commune,87830.5,141.5604928720515,8.0,1699,35901.0,87830.5,164524.5,4.582727501,128623.5,783,13957.0,50532.0,113499.0,8.132048434,916,68957.5,122597.0,219450.5,3.182402204,62044.5
2021,Veyrier,commune,87683.0,141.32276027689804,9.0,8442,45470.0,87683.0,148136.0,3.257884319,102666.0,3908,17565.5,60219.0,104896.5,5.971734366,4534,68570.5,114201.5,187973.0,2.741310039,62044.5
2021,Hermance,commune,85973.0,138.5666739195255,10.0,787,39913.0,85973.0,150978.5,3.78268985,111065.5,407,12000.0,62069.0,109913.0,9.159416667,380,69433.5,116512.5,196396.5,2.82855538,62044.5
2021,Soral,commune,85736.0,138.18469002087213,11.0,704,53462.0,85736.0,118002.0,2.2072126,64540.0,346,33091.0,74979.5,111687.0,3.375147321,358,65519.0,90636.0,123425.0,1.883804698,62044.5
2021,Avusy,commune,85543.5,137.87442883736674,12.0,1056,44620.0,85543.5,137380.0,3.078888391,92760.0,492,15163.5,52735.0,99177.0,6.540508458,564,73772.5,109721.75,160133.0,2.170632688,62044.5
2021,Pregny-Chambésy,commune,83805.0,135.07240770737133,13.0,2009,47944.5,83805.0,151780.0,3.165743725,103835.5,933,17669.0,61520.0,111944.0,6.335616051,1076,67510.5,104965.5,193345.0,2.863924871,62044.5
2021,Laconnex,commune,83779.0,135.030502300768,14.0,522,49637.0,83779.0,123521.0,2.488486411,73884.0,218,14960.0,64401.0,106164.0,7.096524064,304,67902.5,99374.75,131031.0,1.92969331,62044.5
2021,Jussy,commune,82913.25,133.63513284819766,15.0,878,47167.5,82913.25,125176.0,2.653861239,78008.5,418,18130.0,63387.0,107457.0,5.927027027,460,67237.0,98510.0,143018.0,2.127072891,62044.5
2021,Genthod,commune,81768.0,131.78928027464158,16.0,1849,40642.0,81768.0,130674.0,3.215245313,90032.0,831,9097.0,50730.0,100874.0,11.08871056,1018,64797.5,101908.0,154102.5,2.378216752,62044.5
2021,Russin,commune,81374.5,131.15505806316435,17.0,386,43371.0,81374.5,125130.0,2.88510756,81759.0,180,30017.0,63247.5,101391.0,3.377785921,206,66181.0,91190.5,134327.0,2.029691301,62044.5
2021,Collex-Bossy,commune,81030.0,130.59981142567028,18.0,1077,39828.0,81030.0,121154.5,3.041942854,81326.5,505,12464.0,54753.0,100191.0,8.03843068,572,64486.0,95210.0,143901.0,2.231507614,62044.5
2021,Gy,commune,80888.0,130.3709434357598,19.0,334,44862.0,80888.0,140408.5,3.129786902,95546.5,182,17405.0,62790.0,110548.0,6.351508187,152,73988.0,105838.5,165561.25,2.237677056,62044.5
2021,Troinex,commune,80109.0,129.11539298406788,20.0,1908,41471.75,80109.0,135814.25,3.274861804,94342.5,948,17091.5,55425.0,101501.5,5.938712225,960,64513.0,105376.75,170190.0,2.638072947,62044.5
2021,Chêne-Bougeries,commune,77330.0,124.63634971673557,21.0,9018,42360.0,77330.0,134851.0,3.183451369,92491.0,4572,27952.5,60986.0,102139.5,3.6540381,4446,55883.5,96149.0,180794.0,3.235194646,62044.5
2021,Confignon,commune,76095.5,122.64664877628152,22.0,3384,41749.5,76095.5,118044.25,2.827441047,76294.75,1646,15408.0,55872.0,98074.0,6.365134995,1738,59189.0,91115.5,134037.5,2.264567741,62044.5
2021,Satigny,commune,75506.5,121.69733014207544,23.0,2952,43869.0,75506.5,109228.0,2.48986756,65359.0,1470,25570.0,61487.5,98892.0,3.867500978,1482,59894.5,85442.0,117337.0,1.95906135,62044.5
2021,Puplinge,commune,72981.0,117.62686458912555,24.0,1795,43148.5,72981.0,107785.0,2.498001089,64636.5,907,28680.0,64061.0,97102.0,3.385704324,888,53949.5,82032.25,114413.75,2.120756448,62044.5
2021,Presinge,commune,72966.5,117.60349426621215,25.0,531,42185.0,72966.5,116073.0,2.751523053,73888.0,279,22623.0,59303.0,94322.0,4.169296733,252,58567.0,91027.25,141125.0,2.409633411,62044.5
2021,Plan-les-Ouates,commune,72837.5,117.39557897960336,26.0,8477,40823.0,72837.5,111756.0,2.737574407,70933.0,4359,22740.0,60398.0,97272.0,4.277572559,4118,55657.5,83332.5,124274.0,2.232834748,62044.5
2021,Meinier,commune,72149.0,116.28589157781914,27.0,1547,41247.5,72149.0,114753.5,2.782071641,73506.0,787,28027.0,56457.0,98079.0,3.499446962,760,55759.75,82466.25,131843.0,2.364483341,62044.5
2021,Céligny,commune,71993.0,116.03445913819918,28.0,543,34552.0,71993.0,123861.0,3.58477078,89309.0,245,11973.0,45500.0,85280.0,7.122692725,298,55909.5,93337.5,176361.0,3.154401309,62044.5
2021,Bardonnex,commune,71901.25,115.8865814052817,29.0,1810,41028.0,71901.25,109539.0,2.669859608,68511.0,958,30537.0,63352.5,100000.0,3.274715918,852,47933.0,79385.25,120065.5,2.504860952,62044.5
2021,Chancy,commune,71662.0,115.5009710772107,30.0,1120,40354.0,71662.0,107225.0,2.65710958,66871.0,572,19957.5,56332.0,99988.0,5.010046348,548,59824.0,82553.0,111201.0,1.858802487,62044.5
2021,Bernex,commune,71500.0,115.23986815914384,31.0,7555,43089.0,71500.0,109100.0,2.531968716,66011.0,3779,26897.0,60963.0,97999.0,3.643491839,3776,54141.0,80697.25,121344.0,2.241258935,62044.5
2021,Bellevue,commune,70376.25,113.4286681333559,32.0,2092,39031.0,70376.25,109449.5,2.804168481,70418.5,996,15717.0,53203.0,92457.0,5.882611185,1096,55095.25,82992.25,121924.25,2.21297208,62044.5
2021,Dardagny,commune,70128.5,113.02935796081846,33.0,1324,42208.5,70128.5,97015.25,2.29847661,54806.75,682,29606.0,63104.0,93720.0,3.165574546,642,51939.0,74275.0,101536.5,1.95491827,62044.5
2021,Perly-Certoux,commune,68180.5,109.8896759583847,34.0,2294,43439.0,68180.5,100363.0,2.310435323,56924.0,1236,31942.0,62631.0,97868.5,3.063944024,1058,52742.0,74309.5,103073.5,1.954296386,62044.5
2021,Avully,commune,65723.5,105.92961503437049,35.0,1234,39444.0,65723.5,92363.0,2.341623568,52919.0,686,30631.0,62361.0,89782.0,2.93108289,548,47006.0,69229.0,97065.5,2.064959792,62044.5
2021,Versoix,commune,60647.0,97.74758439507127,36.0,8269,36635.0,60647.0,92665.5,2.529425413,56030.5,4221,23795.0,53596.0,86541.0,3.636940534,4048,45027.0,65593.25,99961.75,2.220040198,62044.5
2021,Grand-Saconnex,commune,60568.75,97.62146523865934,37.0,7232,35135.0,60568.75,94538.0,2.690707272,59403.0,3662,20347.0,52063.0,86826.0,4.267262987,3570,45499.0,66844.0,99917.0,2.196026286,62044.5
2021,Lancy,commune,60512.75,97.53120743982142,38.0,23958,38188.0,60512.75,88974.0,2.329894208,50786.0,12940,29760.5,56532.5,86739.5,2.914584768,11018,44564.5,64000.0,91797.5,2.0598795,62044.5
2021,Thônex,commune,60511.25,97.5287898202097,39.0,10718,36188.0,60511.25,95961.0,2.651735382,59773.0,5698,24568.0,51598.0,84609.0,3.443870075,5020,45510.5,69850.0,112207.5,2.465529933,62044.5
2021,Carouge,commune,60272.25,97.14358242874066,40.0,15712,37048.5,60272.25,93855.0,2.533300943,56806.5,9338,31178.0,56294.5,89918.0,2.884020784,6374,43618.0,65704.5,99105.5,2.272123894,62044.5
2021,Genève,commune,59373.75,95.69542828131422,41.0,132814,36527.0,59373.75,95558.5,2.616105894,59031.5,80472,32584.5,56974.0,92643.0,2.843161626,52342,40591.0,62971.0,100400.0,2.473454707,62044.5
2021,Chêne-Bourg,commune,57994.25,93.47202411172626,42.0,6268,34767.5,57994.25,91078.75,2.619651974,56311.25,3440,26310.5,52649.5,84253.0,3.202257654,2828,41982.5,63647.25,100809.5,2.401226702,62044.5
2021,Onex,commune,55834.5,89.9910548074366,43.0,13519,36426.0,55834.5,83786.0,2.300170208,47360.0,7271,28780.0,51373.0,80880.0,2.81028492,6248,42620.75,59734.75,87155.75,2.044913569,62044.5
2021,Meyrin,commune,55169.0,88.91843757303226,44.0,17057,35508.0,55169.0,80199.0,2.258617776,44691.0,8731,27989.0,51534.0,79404.0,2.836971667,8326,40328.5,58199.0,80781.0,2.003074749,62044.5
2021,Vernier,commune,50977.25,82.16239956805195,45.0,24268,32853.5,50977.25,74864.5,2.278737425,42011.0,12426,25335.0,47640.0,73800.0,2.912966252,11842,37572.0,54339.0,75728.5,2.015556798,62044.5
2022,Canton,canton,62226.0,100.0,,348773,36869.0,62226.0,99231.5,2.691461662,62362.5,194007,28838.0,55858.0,91290.0,3.165614814,154766,44657.5,69315.0,111065.0,2.487040251,62226.0
2022,Vandoeuvres,commune,102042.25,163.98651689004595,1.0,1956,47813.0,102042.25,219550.5,4.591857863,171737.5,888,6819.5,53122.0,116403.5,17.06921329,1068,85228.5,157964.5,290758.5,3.411517274,62226.0
2022,Collonge-Bellerive,commune,93051.0,149.53717095747757,2.0,5949,44991.0,93051.0,174655.5,3.882009735,129664.5,2733,13669.0,55990.0,115439.0,8.445314215,3216,73861.0,124948.75,224159.5,3.034883091,62226.0
2022,Cartigny,commune,92850.0,149.21415485488382,3.0,747,49693.0,92850.0,135571.0,2.72817097,85878.0,359,27005.0,74245.0,118631.0,4.392927236,388,70034.0,105608.25,150438.0,2.148070937,62226.0
2022,Cologny,commune,91629.0,147.25195256002314,4.0,4069,47208.0,91629.0,175790.5,3.723743857,128582.5,1915,21542.0,68445.0,122708.0,5.696221335,2154,68180.5,117251.0,232607.0,3.411635292,62226.0
2022,Choulex,commune,90388.0,145.25760935943174,5.0,884,50470.5,90388.0,147546.0,2.923410705,97075.5,436,16536.0,68946.0,120809.0,7.30581761,448,70885.5,105535.5,165639.5,2.336719075,62226.0
2022,Veyrier,commune,89106.5,143.19818082473563,6.0,8492,45719.0,89106.5,150879.0,3.300137798,105160.0,3986,18650.0,60126.5,106282.0,5.698766756,4506,69661.5,115706.0,194551.0,2.792805208,62226.0
2022,Anières,commune,88772.0,142.6606241763893,7.0,1699,35607.0,88772.0,168657.5,4.736638863,133050.5,807,11085.0,47689.0,117437.0,10.59422643,892,69557.5,124776.25,221515.5,3.184638608,62226.0
2022,Corsier,commune,88275.5,141.8627261916241,8.0,1609,46196.0,88275.5,158259.0,3.425816088,112063.0,757,14909.0,59571.0,109086.0,7.316788517,852,72048.5,119274.0,207907.5,2.885660354,62226.0
2022,Hermance,commune,87834.0,141.15321569761835,9.0,857,42695.0,87834.0,150339.5,3.521243705,107644.5,455,16882.0,65594.0,119006.0,7.04928326,402,70766.0,119498.0,178733.5,2.525697369,62226.0
2022,Pregny-Chambésy,commune,85583.0,137.53575675762545,10.0,2026,46030.0,85583.0,156342.5,3.396534869,110312.5,942,16684.0,61554.5,111433.0,6.679033805,1084,65593.5,112262.25,199581.5,3.042702402,62226.0
2022,Soral,commune,84841.0,136.3433291550156,11.0,691,54513.0,84841.0,119609.0,2.194137178,65096.0,337,37180.0,77544.0,113226.0,3.045346961,354,64871.0,88182.5,120375.0,1.855605741,62226.0
2022,Laconnex,commune,84500.0,135.79532671230677,12.0,531,48720.5,84500.0,119998.0,2.462987859,71277.5,225,17896.0,63856.0,101800.0,5.688421994,306,69573.5,101150.5,133241.0,1.915111357,62226.0
2022,Jussy,commune,84027.5,135.0359978144184,13.0,841,48603.0,84027.5,128782.5,2.649682118,80179.5,403,20801.0,66912.0,112709.0,5.418441421,438,66233.5,97119.0,139894.0,2.112133588,62226.0
2022,Avusy,commune,83688.0,134.49040593963937,14.0,1066,45446.0,83688.0,132935.0,2.925119923,87489.0,506,14069.0,54545.5,99601.0,7.079465492,560,71529.0,103870.25,158176.5,2.211361825,62226.0
2022,Russin,commune,83675.5,134.4703178735577,15.0,390,46589.5,83675.5,124877.0,2.680367894,78287.5,178,33114.0,65667.0,108128.0,3.265325844,212,65014.5,95268.25,139129.0,2.139968776,62226.0
2022,Gy,commune,83230.5,133.75518272104907,16.0,365,47223.0,83230.5,132582.0,2.807572581,85359.0,195,14329.0,62002.0,118245.0,8.252145998,170,72135.0,103419.0,159128.5,2.20598184,62226.0
2022,Aire-la-Ville,commune,82814.5,133.08665188185003,17.0,865,40492.0,82814.5,122825.5,3.033327571,82333.5,389,19116.0,66187.0,107097.0,5.602479598,476,59038.5,95951.25,128156.0,2.170719107,62226.0
2022,Genthod,commune,82622.5,132.77809918683508,18.0,1840,39398.5,82622.5,133691.0,3.393301775,94292.5,824,7686.5,47736.0,105005.0,13.66096403,1016,67740.5,101405.75,156325.75,2.307714735,62226.0
2022,Collex-Bossy,commune,82292.0,132.24697071963487,19.0,1075,39987.5,82292.0,128197.0,3.205926852,88209.5,497,13274.0,55452.0,105778.0,7.96881121,578,61754.0,97953.5,149747.5,2.42490365,62226.0
2022,Troinex,commune,79375.0,127.55921961880885,20.0,1959,40992.0,79375.0,136496.5,3.32983265,95504.5,1005,15035.0,53197.0,100599.0,6.690987695,954,67637.0,109107.0,175663.0,2.597143575,62226.0
2022,Confignon,commune,77240.25,124.12857969337577,21.0,3430,43206.0,77240.25,119336.0,2.762023793,76130.0,1676,17259.0,57557.5,98750.5,5.721681442,1754,59614.0,90380.0,135276.5,2.269206898,62226.0
2022,Chêne-Bougeries,commune,76807.5,123.43313084562723,22.0,9166,40970.0,76807.5,135435.0,3.305711496,94465.0,4720,26643.0,59926.5,101843.5,3.82252374,4446,56860.5,97583.5,191663.5,3.370767053,62226.0
2022,Satigny,commune,75604.25,121.49945360460256,23.0,2994,42150.0,75604.25,110067.0,2.611316726,67917.0,1502,26204.0,59764.5,98564.0,3.761410472,1492,57551.0,87431.25,119887.0,2.083143647,62226.0
2022,Chancy,commune,74524.0,119.76344293382188,24.0,1110,40155.0,74524.0,109394.0,2.724293363,69239.0,560,21104.5,59697.5,100648.0,4.769030302,550,58237.0,83410.0,112996.0,1.940278517,62226.0
2022,Plan-les-Ouates,commune,73838.5,118.66181338990134,25.0,8757,40715.0,73838.5,113088.5,2.777563552,72373.5,4555,22633.0,61001.0,98197.0,4.338664782,4202,56734.5,85488.5,127353.5,2.244727635,62226.0
2022,Céligny,commune,73076.5,117.43724488156076,26.0,565,34107.0,73076.5,127601.5,3.741211482,93494.5,263,10525.0,46671.0,85376.0,8.111733967,302,56018.5,92287.5,160672.5,2.868204254,62226.0
2022,Presinge,commune,73069.0,117.42519204191173,27.0,533,43156.5,73069.0,116317.5,2.695248688,73161.0,291,23960.0,61634.0,93202.0,3.889899833,242,55790.5,85710.0,136765.0,2.451403017,62226.0
2022,Puplinge,commune,72934.0,117.20824092822937,28.0,1839,43202.5,72934.0,107880.0,2.497077715,64677.5,921,28680.0,62473.0,97005.0,3.382322176,918,53843.0,83637.0,120744.5,2.242529205,62226.0
2022,Bardonnex,commune,72029.5,115.7546684665574,29.0,1840,41323.75,72029.5,107226.0,2.594779031,65902.25,968,29797.5,63071.0,99894.5,3.352445675,872,50708.25,80452.0,118461.75,2.336143527,62226.0
2022,Bernex,commune,71886.0,115.52405746793946,30.0,7681,42865.5,71886.0,110234.5,2.571636864,67369.0,3919,28505.0,61542.0,98544.0,3.457077706,3762,53118.5,81991.5,122757.5,2.311012171,62226.0
2022,Dardagny,commune,69850.25,112.25251502587344,31.0,1298,42817.0,69850.25,98833.0,2.308265409,56016.0,678,31140.0,65781.5,94799.0,3.044283879,620,51769.0,73769.75,102603.5,1.981948657,62226.0
2022,Meinier,commune,69699.0,112.00944942628483,32.0,1551,41065.0,69699.0,111892.5,2.724765615,70827.5,797,30093.0,57724.0,96312.0,3.200478517,754,53241.0,80728.5,124677.0,2.341747901,62226.0
2022,Perly-Certoux,commune,69063.5,110.9881721466911,33.0,2326,41935.0,69063.5,100650.0,2.400143079,58715.0,1278,31748.0,62427.0,95945.0,3.022080131,1048,52218.5,74603.5,105493.25,2.020227506,62226.0
2022,Bellevue,commune,69027.75,110.93072027769743,34.0,2482,37998.0,69027.75,108693.5,2.860505816,70695.5,1250,21030.0,55163.5,92957.0,4.420209225,1232,52917.25,80623.5,119530.0,2.258809745,62226.0
2022,Avully,commune,66092.5,106.21364060039211,35.0,1220,40844.0,66092.5,95253.0,2.332117324,54409.0,680,31957.5,63617.5,93174.5,2.915575374,540,47807.0,69906.5,97475.0,2.038927354,62226.0
2022,Thônex,commune,61203.0,98.3559926718735,36.0,11623,35873.0,61203.0,96597.5,2.69276336,60724.5,6229,26238.0,52595.0,85430.0,3.255964631,5394,44963.0,69489.0,112666.0,2.505749172,62226.0
2022,Grand-Saconnex,commune,60748.0,97.62478706649954,37.0,7334,34211.0,60748.0,94362.0,2.758235655,60151.0,3818,18204.0,52005.5,87731.0,4.819325423,3516,44673.0,67803.5,100212.5,2.243245361,62226.0
2022,Lancy,commune,60520.5,97.25918426381256,38.0,24410,37729.5,60520.5,89495.0,2.372016592,51765.5,13350,29852.0,56539.0,87164.0,2.919871365,11060,44359.5,64274.25,92582.5,2.087095211,62226.0
2022,Versoix,commune,60289.0,96.88715327997943,39.0,8244,36308.0,60289.0,93671.0,2.579899747,57363.0,4242,22754.0,52699.5,86674.0,3.809176409,4002,44887.0,66526.5,101585.5,2.263138548,62226.0
2022,Carouge,commune,59634.5,95.8353421399415,40.0,15906,36279.0,59634.5,93000.0,2.563466468,56721.0,9602,30924.0,56062.0,89197.0,2.884393998,6304,42362.75,64484.0,98462.0,2.32425893,62226.0
2022,Genève,commune,59437.0,95.5179506958506,41.0,134686,36006.0,59437.0,96359.5,2.676206743,60353.5,82234,32150.0,57117.5,93137.0,2.896951788,52452,40118.0,62832.75,102364.0,2.55157286,62226.0
2022,Chêne-Bourg,commune,57891.0,93.03345868286569,42.0,6340,34384.0,57891.0,90357.75,2.627901059,55973.75,3486,26445.0,51960.0,84135.0,3.181508792,2854,42186.0,63837.5,98534.5,2.33571564,62226.0
2022,Onex,commune,56284.0,90.45093690740205,43.0,13567,36159.0,56284.0,84830.0,2.346027268,48671.0,7375,29094.0,51707.0,81791.0,2.811266928,6192,42433.25,60001.25,89687.5,2.113613735,62226.0
2022,Meyrin,commune,55436.5,89.08896602706264,44.0,17128,35555.75,55436.5,80562.5,2.265807921,45006.75,8900,28356.0,52113.5,79282.0,2.795951474,8228,40141.0,58152.0,81655.5,2.034216885,62226.0
2022,Vernier,commune,51918.5,83.43538070902838,45.0,24832,33247.75,51918.5,76831.0,2.310863141,43583.25,12876,25417.0,48566.0,76142.5,2.995731204,11956,38236.5,54771.75,77342.0,2.022726976,62226.0
